Iteration,AIC,R^2,Moran's I,Age Coefficient,Age Z-Stat,Age Probability,Bedrooms Coefficient,Bedrooms Z-Stat,Bedrooms Probability,Building Square Feet Coefficient,Building Square Feet Z-Stat,Building Square Feet Probability,Estimate (Building) Coefficient,Estimate (Building) Z-Stat,Estimate (Building) Probability,Estimate (Land) Coefficient,Estimate (Land) Z-Stat,Estimate (Land) Probability,Fireplaces Coefficient,Fireplaces Z-Stat,Fireplaces Probability,Full Baths Coefficient,Full Baths Z-Stat,Full Baths Probability,Garage 1 Area Coefficient,Garage 1 Area Z-Stat,Garage 1 Area Probability,Garage 2 Area Coefficient,Garage 2 Area Z-Stat,Garage 2 Area Probability,Half Baths Coefficient,Half Baths Z-Stat,Half Baths Probability,Land Square Feet Coefficient,Land Square Feet Z-Stat,Land Square Feet Probability,Rooms Coefficient,Rooms Z-Stat,Rooms Probability,Sale Quarter Coefficient,Sale Quarter Z-Stat,Sale Quarter Probability
0,23035.704192141577,0.7594686857857412,0.041612448447524486,-1.4139730684842715,-36.841788882647855,3.958673784057179e-297,-0.09676233325518316,-19.992527662424852,6.397170351580927e-89,0.029944679012603143,3.7862680784846257,0.00015292669142652577,0.14868735295605456,16.676729708898442,1.9352747579444895e-62,0.13735713380923953,20.44190537221787,7.091584251605747e-93,0.10926474033307007,16.826012776284426,1.573478834538543e-63,0.0016621929394078833,0.35107365240677574,0.725533093774101,0.010956006222359059,1.6181433635774298,0.1056317051305175,0.040647544777746264,10.04297619298954,9.865184883888332e-24,-0.004461397552625376,-1.2000234741966416,0.23013022384854143,0.012873655462618386,2.894861131999735,0.003793263021581099,0.013916752971159893,2.8354424363696813,0.004576226113914391,-0.013868557442857785,-1.5595402675146375,0.11886856164681357
1,23401.725704492696,0.7507012595144624,0.04079698323448043,-1.4019559876199863,-36.054109139613665,1.1890961416116589e-284,-0.11055099032389018,-22.21405454613129,2.5121340080118384e-109,0.026977956418576796,3.353314828079304,0.0007984982354261886,0.1403505739911154,15.28330168967654,9.880529950126075e-53,0.1194774676007696,17.459004903110813,2.940145689656056e-68,0.11284170047968606,17.029916341679023,4.927461641743947e-65,0.009246143238777066,1.8873890042129347,0.05910802298710877,0.008123961073575114,1.178416494983804,0.23863060491101373,0.04493871189647845,10.889585656127773,1.2922686089501347e-27,0.003109361781854111,0.8973172789354038,0.369549638887794,0.004114737544665431,0.9104038303827298,0.3626095784304507,0.010390960039449226,2.0859644313881724,0.03698184509100013,-0.00042001613520892267,-0.04532137403143503,0.9638511509276974
2,23355.397552302293,0.7569264394658927,0.041033736264911476,-1.4124863944283768,-36.58245634513707,5.43723219023407e-293,-0.10453187517334883,-21.41219499569766,1.0285250753965676e-101,0.015032042047263564,1.8854245406985808,0.0593725433592118,0.13038535832706455,14.414356160630128,4.203406387906759e-47,0.1550723817401184,22.554738865965327,1.20648967603404e-112,0.10236464429597897,15.808265406515126,2.7287701849556034e-56,0.013690055921435093,2.822373199843765,0.004766966859464367,-0.003010937814652605,-0.4390376455483311,0.6606342590351157,0.042870780678642084,10.626030342895525,2.2550802703846788e-26,-0.004303343377830808,-1.135912940284888,0.25599300201767106,0.007770556363878196,1.718012554454634,0.08579432536829419,0.009334223541789213,1.8942023146231484,0.05819816101726983,0.021023636577318407,2.3351025061258026,0.0195380664423003
3,23384.38064811044,0.7534047509285617,0.03957725871382337,-1.4368322594439726,-37.108781125444665,2.0277459985283257e-301,-0.0929722525903306,-18.86629501141335,2.159162137973641e-79,0.013113982023883634,1.632059736619627,0.10266690260542247,0.1332395142578737,14.39746135059836,5.3679284120814395e-47,0.13783043452363486,20.56752624813881,5.363280610055165e-94,0.10388074410618636,16.106946706669305,2.280076947638515e-58,0.006701598501559795,1.378522466262183,0.16804203635265946,0.004212420134770649,0.6137750145000891,0.5393640100776591,0.04464432248343596,10.857831347622225,1.8304452362776414e-27,-0.004455698192520404,-1.1653000484828802,0.24389755950313707,0.01140112727715472,2.498823110444492,0.01246064914389536,0.009762592059319453,1.9368321965753226,0.05276585884943221,0.016743039813362733,1.817238385787422,0.06918061970973823
4,23345.984971934253,0.7538647005184318,0.04135747358596121,-1.3698342052619008,-35.30555587162709,4.825721878704798e-273,-0.09982979411129414,-20.251267448206555,3.4621661201945714e-91,0.02059871302777266,2.570810493625719,0.010146083009003739,0.14891506209534494,16.44155187053936,9.641801125027346e-61,0.11059459778806835,16.63401337370524,3.952120605286194e-62,0.11683689430701744,17.692212913689065,4.8146918841765196e-70,0.004223183144133438,0.8752692361162825,0.3814274288987314,0.013433049179553562,1.960753906734968,0.04990773733379225,0.044664024305340846,10.833756757273534,2.381786348156437e-27,-0.0016001595742229761,-0.4222346013763744,0.6728537879183116,0.012360040223577309,2.7158606742392886,0.006610373010683614,0.011235148293432737,2.29160143026194,0.021928652878810278,-0.009486395810363603,-1.0366962999666731,0.2998774169357331
5,23447.10510481617,0.74939041081606,0.03588521334477069,-1.4465075799960412,-37.33772539233316,4.011130131184875e-305,-0.0961758416437681,-19.430660893874055,4.24856575822443e-84,0.030254942633241147,3.789595481964077,0.00015089280438222504,0.12866616787391744,14.12755395309913,2.5691403410379994e-45,0.1521968823152507,22.09576726259961,3.471231064938546e-108,0.11893930955452511,18.060888143101526,6.477204131897395e-73,0.002401024564003964,0.4910983040961136,0.6233569209309293,0.009911748007592121,1.4515174491101588,0.1466358269992759,0.0446016926263116,10.871091578617195,1.5829549277298695e-27,0.0009168257575971209,0.2520121605526642,0.8010316643394773,0.001371417457673503,0.2975229297058056,0.7660673047638504,0.0065314759658321175,1.3318732384877339,0.1829018463123787,-0.009008772913347882,-0.9849333124578401,0.3246568289619841
6,23071.822825357707,0.7614905398268218,0.039246020375072806,-1.5162496804343935,-39.49455709640583,0.0,-0.09716155102082011,-19.895476602040713,4.45353981344368e-88,0.03687082648151299,4.701842880990649,2.578238644993539e-06,0.15810230988673052,17.426228127702963,5.217606776763886e-68,0.12548696697554979,18.897403036543903,1.1980614816805784e-79,0.11105980576270374,17.303799888675947,4.403616446317327e-67,0.008940261356150716,1.8597617498302363,0.06291924125252189,-0.0010559357611662355,-0.15473507440037634,0.8770301776244024,0.048634835931623155,11.911533569151299,1.0306406431046658e-32,-0.0057624048901201985,-1.444458992271689,0.1486099069257548,0.014119218153023347,3.0805605719762044,0.002066113249283943,0.0066651425136045606,1.3730927130410633,0.16972352612191322,-0.019674297858945727,-2.1859899939879748,0.0288163373884824
7,22817.53228866828,0.7583815717713178,0.04234879061109251,-1.507283059107325,-39.53914894852254,0.0,-0.0988810185341687,-20.375990454269825,2.7313395951493507e-92,0.025090630653033894,3.179085001605655,0.0014774075908881345,0.14166442350292185,15.725591367099975,1.0100337559885068e-55,0.13334298475910722,19.77887365091319,4.526892984681509e-87,0.10934417798672735,17.06072466522842,2.909237510683939e-65,0.01398003618861384,2.954070135154429,0.0031361272385394988,0.0027698768574727084,0.40884716804632737,0.682651822488604,0.03071040876873062,7.6440330682429165,2.10521302923918e-14,0.00048031015217738925,0.11936528516211935,0.9049859630483135,0.008229745337587694,1.8723278942474915,0.061161253933462355,0.009449741631591721,1.9283648675999765,0.05380975851812233,-0.0020172759000968085,-0.22615964891022475,0.821077253047071
8,23193.718479821004,0.7540560492729842,0.041394191363186186,-1.468870059189578,-37.81336088570331,0.0,-0.10431179424646882,-21.246882981530753,3.522906935905011e-100,0.02776192642150766,3.490173832886886,0.00048270644914300817,0.1346631046221408,14.54604943921962,6.187461666510092e-48,0.1346099180007641,19.966474994398908,1.0779784694962987e-88,0.11229183285003777,17.201462051729887,2.589152241126043e-66,0.017526710879404037,3.638616252239807,0.00027410688926044185,0.0005465507521098187,0.08090784891423976,0.9355152379015034,0.05296513302996906,12.953679872698398,2.2395565644364883e-38,-0.005358222039937234,-1.4163092774836117,0.1566849727185116,0.005278095389489701,1.1687035793284295,0.24252307935993866,0.0005686218914394553,0.11438214898092774,0.9089348641655817,0.00345770362792917,0.3759773858878706,0.7069337081219091
9,23485.466143843583,0.7526818219299573,0.04094540008587883,-1.5212631438013888,-39.215199051190616,0.0,-0.09040617547088611,-18.128366484525806,1.9032953134183615e-73,0.004842060953776178,0.6089691230211284,0.5425449053781701,0.15325636933684195,17.001708619162198,7.976085645469648e-65,0.13513836659687856,19.922084386807455,2.6186027460185623e-88,0.10308645044588835,15.919092257715418,4.671044774965921e-57,0.005436177868016798,1.1159609195013094,0.26443886331017497,0.012240910648559348,1.7612516221096741,0.07819582426282164,0.04461205534674756,10.87100122607918,1.5845234674714283e-27,-0.005036949108740965,-1.429520668331139,0.15285463877954064,0.017014712387545636,3.7973910876989057,0.00014622699001115225,0.010488012080714634,2.1052585901832717,0.0352688046153109,-0.0010050947198849934,-0.11074728084843145,0.9118167518616493
10,23802.136344174774,0.7529767767266253,0.04213288957409738,-1.424225933012564,-36.16266718589697,2.3525638387808053e-286,-0.09976021804725702,-20.115575661630242,5.39096403602684e-90,0.01831946720219419,2.2624817005518887,0.02366765819416377,0.1584251439836956,17.297823829785084,4.8849543659603726e-67,0.13057892968148077,19.49762385181965,1.150023652385668e-84,0.10927831684194972,16.606482303394337,6.255557101739606e-62,-0.0016151300838882828,-0.33000357766622784,0.7413972588308462,0.0014040261052393026,0.2022738519007632,0.8397026406161103,0.03530303272955066,8.544928381134381,1.2861601044930207e-17,-0.001234521440224505,-0.323971667281477,0.7459594846140025,0.010779580664999726,2.363165845228903,0.018119558909405045,0.010117941115213372,1.9931036046934876,0.04625010337118686,-0.007188918383510219,-0.7811317011828061,0.43472503853219047
11,23718.52232236819,0.7551603401909542,0.03863776757574147,-1.503131699285612,-38.456008809425946,0.0,-0.0956627720723639,-19.5074858366291,9.483283821692437e-85,0.00630299941715538,0.7762930160042505,0.43757599579953643,0.143207924245968,15.390852800039719,1.8853101403010413e-53,0.13509350737913384,19.70540341737474,1.9379154896714265e-86,0.10574713283459072,16.31355190286381,7.905884392069206e-60,0.0012138511888796395,0.2470727118222051,0.8048519519568481,0.01495155123021144,2.164614532825127,0.030417217125518325,0.03917829339624122,9.496074671020473,2.179514926709445e-21,0.0032457031520818735,0.8715350834804912,0.3834620584522942,0.006689812591273676,1.4755699116476348,0.14005938739982315,0.01691011316913249,3.378385112193343,0.0007291289196112642,0.00028214666714410086,0.03051511625165661,0.9756562379698783
12,23400.507918483945,0.75616134447157,0.043238710940610575,-1.4647530162684763,-37.60399458857238,1.84962266344124e-309,-0.09234806787996283,-18.652353081266178,1.2083995858925482e-77,0.030822537389984084,3.8473551744576437,0.00011939981472803722,0.15688632123133425,17.45005208168372,3.4391901441948552e-68,0.11974037857813563,17.68283855352194,5.68600533881696e-70,0.10423116307138128,15.981239367260203,1.7267823716515954e-57,0.004217596737460224,0.8799606424099384,0.37888063102897696,0.00046746029843446404,0.06789499959605892,0.945869219313921,0.03653621196524444,8.905677843190958,5.306081430779085e-19,-0.0022973328273378814,-0.5630820652710672,0.5733790034134856,0.008931258554226334,1.9755705007485767,0.04820344244135633,0.011865246975082192,2.375161120266671,0.017541291386962816,-0.009028371488645263,-0.9795164002561151,0.32732488923446457
13,23666.92445479752,0.74967354017764,0.03613829920164594,-1.4571511733528775,-37.1737126266544,1.8150759282838265e-302,-0.0946050064137117,-19.078707873934647,3.7952584506111163e-81,0.02271269685774622,2.795286321448538,0.005185376784477333,0.12300337179536071,13.330616032658899,1.5362384659743974e-40,0.14530579412597688,21.201485881647756,9.252857696785582e-100,0.09918917192904994,15.012092645695539,6.118643538497608e-51,0.005368129524898815,1.0942688965941236,0.27383706245342165,0.018223858752596685,2.595287032238673,0.009451195410281742,0.03822253652880955,9.34139516655317,9.507295991744584e-21,-0.006149738053328366,-1.5551796081111278,0.11990329945995863,0.010386429857338748,2.2930728338355775,0.021843812100465345,0.00966308298527177,1.9234757279651624,0.054420331891553646,-0.0009005950619144741,-0.09818005947677134,0.9217893161880757
14,23418.01500241054,0.7586287411596078,0.04043575935066135,-1.4337321369849838,-36.525227298844925,4.411389992646494e-292,-0.09914734592814528,-19.96716950056195,1.0630964275277471e-88,0.02704731374632101,3.381443313893395,0.0007210610859068431,0.1433582941490788,15.791396718801378,3.5659578693524423e-56,0.1522635699999068,21.96738529376075,5.907275819069105e-107,0.10829303256034123,16.51751939345627,2.744563241391433e-61,-0.002518423948255137,-0.523457294112076,0.6006560624203565,0.0017794142476520707,0.25727770281498547,0.7969644038253306,0.035934654348306554,8.80134484431394,1.3518624876399308e-18,-0.00392086764223201,-1.1118532142593074,0.2662012674705272,0.00827972632499362,1.827135369606311,0.06767941840916301,0.010619459128410488,2.1460030179511427,0.031872737916367536,-0.009481285633239044,-1.0331578012041143,0.3015300573223978
15,23401.018835452887,0.7560519953714336,0.03792509584134868,-1.4510549350713025,-37.40311005040754,3.4780055007552887e-306,-0.09323028190516358,-18.950257347924623,4.3942913525066186e-80,0.03380637122259226,4.272601305486388,1.932057287174408e-05,0.14302882965939173,15.547777802234775,1.6472278744888213e-54,0.14296257750645325,20.546843656241457,8.213286133431167e-94,0.10740336441444676,16.50288609884416,3.4976822822423856e-61,0.00948250376592569,1.9578021434908512,0.050253233818530404,0.017548136942987888,2.547117779640957,0.010861676701939818,0.03986283848315833,9.79697788464781,1.1600446811230186e-22,-0.0015910678717092415,-0.4355990236263727,0.6631276793118612,0.007821860019058356,1.729384993884976,0.08374021391453715,0.010518414720536606,2.1293427565515697,0.033225912763925815,-0.02082928432905093,-2.2876516110819294,0.022157817744640575
16,23290.79454895933,0.756886813942997,0.040742607294961174,-1.425204323474933,-36.80761803737254,1.3945639511420825e-296,-0.09816019855871293,-19.806633867183937,2.609579846150889e-87,0.026923235581801756,3.3294565444480573,0.0008701564157585528,0.1210647505823031,13.216214159706661,7.073561987297348e-40,0.13201471916410396,19.366016795219316,1.493764541633595e-83,0.10907676722941931,16.667452946593485,2.260226048418536e-62,0.010469083914310279,2.176177865596431,0.029541963333850327,0.007127806408824489,1.0218419838921458,0.3068556949106189,0.034931123941816966,8.607953618690729,7.437633686243382e-18,-0.0062358461664742855,-1.2661494683774446,0.2054595748051532,0.01087163003369803,2.36175368733097,0.018188722542550387,0.012407721642974087,2.4695640357115383,0.013527780433932223,0.01065982809200225,1.1788922757581621,0.23844107388040703
17,23421.821885624926,0.7541543123033047,0.04283740046631428,-1.4130564147335858,-36.485240390217044,1.9010947891568184e-291,-0.10183397166874536,-20.723062639271955,2.1459181578334685e-95,0.035947172675703125,4.4748046605597,7.648120200037507e-06,0.1535231607482903,16.887812118622275,5.531655956615679e-64,0.10811780967617635,16.2227904013647,3.4801785547729217e-59,0.11202160982495576,17.241141551778437,1.3043554931779088e-66,0.011021616969893809,2.28943475060934,0.022054104986961212,0.0026009537594328825,0.3802328358399274,0.7037725869485768,0.04731493634289033,11.558339993661038,6.69912844608595e-31,-0.0036741974876434392,-0.9778246025691643,0.32816108071437344,0.015707066822507294,3.521107945757597,0.00042974763478649314,0.007551494675235221,1.5604742940235077,0.11864784005068298,-0.011152378753096461,-1.2135281914835916,0.22492794269636607
18,23304.856163808603,0.761901161663654,0.04017247406751666,-1.464222886250269,-38.01575656296589,0.0,-0.09304780912749165,-19.140897028540742,1.1526842196502546e-81,0.02998157765764345,3.731840085148316,0.0001900861634489785,0.14042238926668085,15.204828873593842,3.2848801900987405e-52,0.1543655610851108,22.036885147772665,1.2762087034870505e-107,0.10595424471083983,16.485613804757744,4.655427253836354e-61,-0.003066148855344659,-0.6338063527918104,0.5262072067609072,0.0034627716379294175,0.5020821560250324,0.6156097315304588,0.04128787863869531,10.07798008776642,6.913266148651568e-24,-0.002539185400491235,-0.522475392743201,0.6013393751178877,0.013146970274569889,2.905231123250236,0.0036698200184511936,0.014677040255462015,2.961777366277985,0.003058688616893829,-0.012357772527348182,-1.3508499592580632,0.17674350067885813
19,23290.74927061325,0.7608440794664171,0.040435659566266734,-1.3713769025965283,-35.46333103550569,1.8074054412377774e-275,-0.09604554436632182,-19.570654397292138,2.7512613936435144e-85,0.03394446799399461,4.244079472926666,2.194925596960192e-05,0.13321767505233145,14.361350387172171,9.044744201265587e-47,0.1439902711917334,20.519890038003883,1.4303555666647652e-93,0.10239280873837647,15.719442508216792,1.1129868687678598e-55,0.011654605914270174,2.4139440598516164,0.015780885007365,0.0021254779427724753,0.30874039336982306,0.7575190144156186,0.04131534506817986,10.105389883244746,5.2287173022244785e-24,-0.01109868632806266,-2.624491008792308,0.008677858375695636,0.01312310770724932,2.8913694106324073,0.003835669643479981,0.00990862406610013,1.9955554752299123,0.045982330069679514,-0.002438908441635388,-0.26558252603969923,0.7905607446374752
20,23129.162019972187,0.7630103659247904,0.04450425900720434,-1.507156981618341,-39.21033938513679,0.0,-0.09796375463698778,-20.055599391725146,1.8035720403231153e-89,0.02547272347109042,3.155351762155358,0.0016030470418496995,0.1540777286602648,16.923901311293964,2.9989087342713726e-64,0.12812089587506775,18.563443101121933,6.3501317170904315e-77,0.10301722910154767,15.613322248979305,5.9078826919775344e-55,0.001778471505442811,0.3738812082877655,0.7084926978430983,0.0030801133541227344,0.4483188955796855,0.6539230655609969,0.04878512277902954,11.9230376451912,8.977452333893631e-33,-0.00538713362034997,-1.5621695618265776,0.11824804911828851,0.00557722674261287,1.255069285367094,0.2094536092489434,0.009180167863322652,1.8302435658631886,0.06721352593682281,-0.002588732424027256,-0.2826110726209807,0.7774749914991889
21,23062.419652588873,0.759195972984703,0.035510960064437234,-1.4727995188784306,-38.405154885836424,0.0,-0.0905404941055826,-18.58065857791547,4.608153284408997e-77,0.021046099891263416,2.6219267353351228,0.008743422478339095,0.15222102997841985,16.53007428064783,2.228688300430582e-61,0.15100819929602688,22.209277954167614,2.7939122298744625e-109,0.09398538813589938,14.79327373569692,1.6188454778521916e-49,-0.0021599412821500883,-0.45168087207124547,0.6514989000000074,0.004150833214732259,0.609674784279974,0.5420772613739445,0.045383718199777046,11.168886057270143,5.790246180912181e-29,-0.0021614963884767,-0.6311011306889668,0.5279744018847536,0.01010085939121515,2.3042763728577906,0.021207134390794607,0.015646449361860992,3.195068377856942,0.0013979771497428348,-0.01429559801766947,-1.5745274969508731,0.11536554973867458
22,23518.806387806995,0.7547996641004343,0.04067017944793691,-1.4276490537065998,-36.923377056835704,1.9485834819570896e-298,-0.09585551118443364,-19.53206291358638,5.862282844351485e-85,0.01797460917890282,2.199001336111423,0.02787782729760218,0.15515609847232212,16.86145145054627,8.643997519395573e-64,0.1351852649340059,19.96800030720634,1.045562694406035e-88,0.10420664895891532,16.24066232284754,2.6010068425223308e-59,0.0007436740291953629,0.1539963701775587,0.877612597625084,-0.0017579486002974,-0.2521078719163672,0.8009576855402303,0.03714887350272027,9.129986853568607,6.850761340653183e-20,0.0012472245948060897,0.26581967296770814,0.7903780913034889,0.01159779011344128,2.564401862743257,0.010335380236283234,0.009637500637479535,1.9327490969631431,0.053267113781193476,-0.003801329249693529,-0.41098447488080997,0.6810839187222117
23,22961.019592795434,0.7607546957188799,0.04131481958202642,-1.476701736607085,-38.39469655014871,0.0,-0.09693592038085302,-20.065540763761,1.476754006074757e-89,0.01995599554562976,2.488618320219839,0.01282405574006239,0.14346438894552604,15.885784411229194,7.949722386792229e-57,0.14281985387525492,20.706159403859054,3.048116011671382e-95,0.11367532625552479,17.374587777889037,1.2852655702132276e-67,0.004283699730978887,0.8979350088066553,0.36922019911369985,-0.004979427807972522,-0.7387819711980487,0.46003940109730435,0.03711958917437552,9.22478387443913,2.841333195482293e-20,0.0013059955795549243,0.36384567036680454,0.7159732565964032,0.013445052740712414,3.0434980873307276,0.0023384492763868702,0.007596578329579773,1.5661150940257165,0.11732167506017087,-0.00441881254567969,-0.4847103460380963,0.6278818264683563
24,22743.33233845275,0.7629300841304121,0.04234717977684736,-1.463513759833618,-38.386507278237836,0.0,-0.0952411140329543,-19.90722280553572,3.5231189486515494e-88,0.018445569017611345,2.383732463009844,0.017138056564053792,0.1542760513639634,17.20406094354197,2.475574068904641e-66,0.13825347171231367,20.507891514183793,1.8305960399171185e-93,0.10632004706885576,16.79340332120033,2.727460156351219e-63,0.008557253248933288,1.825661508168781,0.06790126459694663,-0.006666731101359399,-1.0025249729656458,0.31609011146706456,0.04236746735989043,10.564487483153599,4.3534014840445536e-26,-0.000872095573598991,-0.2761241673583231,0.782452699116542,0.0029676880093376656,0.6696532578309934,0.503078855077266,0.01295471270085384,2.6624964058119223,0.007756339793314733,-0.004756121792461966,-0.532767469155612,0.5941945552933576
25,22777.6281303512,0.760174738863426,0.044698112943871895,-1.4880886140882446,-39.18556692577478,0.0,-0.09692404894501869,-19.729573360848416,1.2018027720008665e-86,0.019344573799156172,2.43673250168729,0.01482063838854128,0.1399033329182485,15.372133297669102,2.517416485176875e-53,0.14953617424036897,21.63217650319783,8.946126535734131e-104,0.09962424613796003,15.38740460191382,1.9884974760958302e-53,0.0057403955984557786,1.21963234928152,0.22260427751010026,0.014516383266549065,2.1505889596466266,0.03150865751093784,0.041999029621250364,10.398395436845362,2.521431734931649e-25,-0.007457524405533475,-1.6710147375714064,0.09471876687128006,0.009295401819061345,2.108255054958702,0.03500893338414289,0.016739421379601216,3.411645593577685,0.0006457200738505136,-0.0010209232323270569,-0.1132143673931799,0.909860605369891
26,23364.95119250003,0.759443209359919,0.038945072214416586,-1.4324242559098428,-37.00864040245558,8.315523967761185e-300,-0.09576507355397917,-19.51715033758943,7.849588420088401e-85,0.026583487317754957,3.3171630608632645,0.0009093652657027065,0.12810156408815598,14.223000663832114,6.596273767560663e-46,0.15044925308774088,22.337842971583303,1.585148640370847e-110,0.10577361336505872,16.24054233224657,2.60609952879543e-59,0.009124306848992115,1.8891568668420353,0.0588708124275574,0.01160151308779327,1.6878590590902043,0.09143828730948188,0.030718236068803084,7.511318665578899,5.853471100659476e-14,0.0041619342016015,1.0471007623786655,0.29505310774905735,0.010403826550939257,2.2741553883193477,0.02295664544971009,0.010360843319890192,2.086672282533206,0.036917768416937786,-0.00655617111499476,-0.7135634175717305,0.47549718531829477
27,23242.88643653152,0.7584647282773626,0.04193220721970241,-1.48023307359835,-38.460553533122344,0.0,-0.10912292726960787,-22.353435938720885,1.1180077648180737e-110,0.04056320526930422,5.019681210723664,5.175730060867856e-07,0.1515940216484348,16.627781340138448,4.3853466304605665e-62,0.11822341690980243,18.057439099714383,6.894787057254412e-73,0.11390993151061002,17.453832385047008,3.21892409576795e-68,-0.0017102312636214766,-0.3550370444657493,0.7225618392151372,0.01531279189970066,2.2470106719705396,0.02463934508426569,0.04499560779088237,11.12372778884792,9.616798424193605e-29,-0.005638255084128613,-1.6373817512083118,0.1015507288134482,0.0053993763827871535,1.2277920499572945,0.219525040814728,0.005808312048477954,1.1896631896829384,0.23417879883960802,-0.01790921891704943,-1.9641966846866263,0.049507287147114595
28,23474.120082723046,0.7476698407488568,0.03763801177838491,-1.4241530929754598,-36.71865975446393,3.6795799663556017e-295,-0.09422869491364022,-19.068404197772704,4.621953881345181e-81,0.01954750433496477,2.414908464922061,0.01573916448502579,0.15381470176038212,16.5842103516254,9.064932922114824e-62,0.13630539324402835,19.971307471566032,9.78580220144707e-89,0.09450943816217094,14.599644549373213,2.8231342338653136e-48,-0.000444955176453243,-0.09053559503148512,0.9278616093406264,0.00014174967368545816,0.020424216563133334,0.9837049658541646,0.04279486948585911,10.427019370974005,1.8665164070967099e-25,0.0016781594460301892,0.46805233885095865,0.6397471615475514,0.0032983072899508935,0.70853005447547,0.47861615514434674,0.023063521772131834,4.614443530452414,3.941499178951596e-06,0.004692436759433885,0.5157697586208847,0.6060152264122296
29,23406.943849084495,0.7555042578962171,0.037550601658409434,-1.472175816515004,-38.14159093709997,0.0,-0.09607822604603444,-19.333483463517883,2.80803170941093e-83,0.024431984732158067,3.0086840092881806,0.0026238185797701043,0.13935761197225904,15.210464731117407,3.0139592889947737e-52,0.1527319411718227,22.082828282708462,4.622361240970799e-108,0.10241203892580297,15.651824603345355,3.2282927124824722e-55,0.007134971088762968,1.4733431907890149,0.14065852012078328,-0.003165813444218262,-0.4586167688247738,0.6465093925995344,0.03784087913412192,9.234487220717234,2.5952608969882387e-20,0.001871055706028515,0.44071628191555456,0.6594184077730336,0.004181535664732179,0.9363195477295901,0.3491086865342561,0.014097088518837342,2.82690373175808,0.004700045511662222,0.0035903081905202874,0.38972454531086076,0.6967402443151827
30,23267.327340457912,0.7568376068519783,0.04091789488038137,-1.4972417349933849,-38.64980970102427,0.0,-0.09739059623596617,-19.91336492202912,3.1166177693257103e-88,0.029918625998609727,3.805734325723487,0.00014138408461749724,0.13794822940195786,14.946608765261981,1.6388500994480653e-50,0.14155913973200412,21.077263972742333,1.286063624251904e-98,0.1103023190561229,17.02486797404693,5.371348450977417e-65,0.007283344017028823,1.5168890907006929,0.12929468841446515,0.010384610099386784,1.5075692644958418,0.13166480404388453,0.040079581819280806,9.858284784104336,6.311836833712469e-23,-0.007389373632821554,-1.8741020762526515,0.06091635722110041,0.0033978716588025874,0.7533228904166435,0.45125590676408445,0.016241781544146988,3.247040011069556,0.0011661199495267278,-0.006009608157177944,-0.6600912275070152,0.5091952878953471
31,23274.807811482577,0.7515516135393533,0.03603882615844455,-1.4317451526752116,-37.14621688963233,5.04605515494575e-302,-0.09827211368934399,-20.098361861783832,7.6269916517055585e-90,0.019576172055839135,2.4231816746227963,0.015385230367965949,0.13924374776111592,15.179387658049905,4.842815699035411e-52,0.13673664072242298,20.64723247494171,1.0337464575240184e-94,0.12706212664273558,19.225733678645287,2.2542819495426228e-82,0.003495803419309851,0.7243703219165223,0.4688384149527368,0.0032780904448657475,0.478676854271817,0.6321685342829736,0.04347486352881099,10.770120503592382,4.763772887433268e-27,0.0009544968274748438,0.2110193250926357,0.8328721916395908,0.011238542510291206,2.536718530842065,0.011189688032992503,0.004447608643917023,0.9016933310731254,0.3672197965998817,-0.00107253947533828,-0.11636932968976055,0.9073598415844648
32,23379.384419277158,0.7531738360981012,0.04278115081760684,-1.4892852772217595,-38.39356291680971,0.0,-0.09461076783192414,-19.308050981366286,4.595916607484825e-83,0.025078686765572615,3.1388178668834192,0.0016963084567113405,0.15399733538434035,16.842045600993046,1.2001495180779122e-63,0.14864880537531372,21.900999549366638,2.54144169349945e-106,0.09938194637146988,15.299904400672133,7.656901794133734e-53,0.005863043049091488,1.2107601345339158,0.2259873479541199,0.002199692012534121,0.32247564221221964,0.7470923876936704,0.045788622464236865,11.205414631840616,3.8355357865172925e-29,0.00017344041149257045,0.046538418511567016,0.9628811137004156,0.00796956801810932,1.7506613957850992,0.08000425284810497,0.011451214435551638,2.3518004903388436,0.018682792641427085,-0.014193800720323179,-1.5460490040307933,0.12209273336464942
33,23544.369390709606,0.7552833858406509,0.03680859671213469,-1.4276066697273853,-36.65295400809244,4.10608583917468e-294,-0.1008805357980822,-20.564973252684744,5.65310492881562e-94,0.03015433009869646,3.7712696617603148,0.0001624190388909353,0.15265924178484186,16.577763865532887,1.0091450265400736e-61,0.12314713679269856,18.39234074314054,1.5130427510445622e-75,0.10820610983041609,16.65202263714778,2.925453132338137e-62,0.012874692236068571,2.6482554565865546,0.008090836138197902,0.007632071945174332,1.1026331850606255,0.27018649298172437,0.04446548347680062,10.802570343796097,3.347005265772622e-27,-0.0014571680536569237,-0.3155846204211053,0.7523178126841311,0.008095868024145275,1.7889227107819177,0.07362726370164767,0.007651510926093161,1.5630303342631324,0.11804546006459263,-0.020123108848788977,-2.1885783020107357,0.028627504318007917
34,23635.532576122787,0.7558556603237536,0.03950250519001299,-1.4830216929917985,-38.03459942384683,0.0,-0.09158783073322041,-18.47775554460237,3.118884446285945e-76,0.023260903746307293,2.8862851894992505,0.0038981874925508764,0.16602745561634855,17.92484902522265,7.54550928520271e-72,0.1427243940645183,20.165862786008322,1.9531056439031422e-90,0.09984135943565828,15.251144463437198,1.6177255770224609e-52,-0.00020826491446775987,-0.0428052692286366,0.9658567636042674,0.002961346707437461,0.42292515666973385,0.6723498677794502,0.03454981821755426,8.386667637394288,5.001163564075228e-17,-0.002447992135619439,-0.6517821641552529,0.5145417092051533,0.0035259719051942678,0.7865241303927875,0.431560487944629,0.01446680631326551,2.8629362025682155,0.004197350673008098,-0.0209528031369418,-2.2861616001457703,0.022244806326397214
35,23317.125110812583,0.758024454682599,0.04090698464057917,-1.473667512005699,-38.05619163254587,0.0,-0.10151107112420464,-20.584703309208688,3.7633433597172685e-94,0.014631619028774488,1.8383691293187367,0.06600803085552642,0.14002471818774595,15.368016693723494,2.6825592803287902e-53,0.14486722802456525,21.07946074041691,1.2277436807774847e-98,0.10795129477189347,16.56999524368101,1.1483487505812744e-61,0.0014586330241801605,0.30198938988571694,0.7626601512296605,0.012649614514697276,1.844699093231174,0.065081322864027,0.038117970747657305,9.364431329800095,7.646091568696814e-21,-0.0016477141627803614,-0.47215745237956186,0.636814406728389,0.010072283041204,2.279165924845232,0.022657203842808418,0.010995436852556759,2.2442162889660966,0.024818488487831414,-0.0017380083477239357,-0.1912303890273708,0.8483450959255191
36,23194.286462684566,0.7595509241551511,0.04070561227290653,-1.5448575378692682,-40.12431323549433,0.0,-0.0981981653094321,-20.102369146589837,7.035348380979253e-90,0.034412512564933925,4.302526024241781,1.6886182954222434e-05,0.14805456936043965,16.27162897112324,1.5692683695495762e-59,0.14685425126529128,21.064440857897182,1.6860456240372638e-98,0.10240911601444394,15.541518568563962,1.816280593438002e-54,0.011976241906036413,2.510008682822045,0.01207281930409715,0.010425543182870482,1.5189596115141264,0.12877266253312472,0.049948406734677035,12.268428381088384,1.338257221759959e-34,-0.0018383368777692296,-0.4697611387214454,0.6385256817389303,0.014535754965918368,3.244187428070351,0.0011778621337861508,0.004499117027345248,0.8985002421201702,0.36891891618563255,-0.02266578718986301,-2.4714093866366156,0.01345816531163724
37,23367.882649106905,0.7536136311188456,0.0345262692223193,-1.4429376837010168,-37.1184707835209,1.4148814999646186e-301,-0.09954936289047542,-20.633342545502167,1.377887469703911e-94,0.03995717576353797,4.999365655817701,5.75192321770526e-07,0.15032704582777365,16.325536874541342,6.496665758610073e-60,0.14304020643902388,20.846647864580383,1.6348202343638328e-96,0.10755339596314772,16.78811399706166,2.9817053845196267e-63,0.01229170817641869,2.5441790982512513,0.010953490618696134,-0.0008469344584810176,-0.1232280323725903,0.9019265281107837,0.04238291139573923,10.47777331871316,1.0928650948700056e-25,-0.0006964829834986086,-0.17448927169561076,0.8614809613838739,0.006035785071508006,1.3306731145597994,0.18329659315795332,0.004525087438454353,0.9318097328407708,0.35143486382207956,-0.020080015155450215,-2.2044982925549377,0.02748931989910677
38,23238.36975983087,0.7579086499856114,0.04224183381751704,-1.3593433904141585,-35.13448205251517,2.006270866122714e-270,-0.0955528244413831,-19.4070453152339,6.728677794980564e-84,0.022525036667140987,2.819907363885371,0.004803751497949573,0.14352181220080842,15.673677915698963,2.289392133409341e-55,0.17342640992167624,24.341463101918688,7.139059036955995e-131,0.09084659004939083,13.96604364193275,2.5119856434479154e-44,0.001761367130954955,0.36931825025931486,0.7118905238721396,-0.0005221467227966518,-0.07556747582457005,0.9397632129827165,0.047767481335481324,11.647524842142994,2.3622047269466478e-31,0.0019215091657117293,0.511379321232872,0.6090854718542096,0.0015043388371888452,0.3411464171042278,0.7329933590663208,0.01612208686494837,3.286361954208029,0.0010149050595429326,-0.0031544909346693413,-0.34478456061129836,0.7302563410201213
39,23151.050897310717,0.7640581315865635,0.04303780831513478,-1.4091987965277266,-36.62094143883053,1.3279022467006078e-293,-0.09185429779600723,-18.84500245521153,3.229502766810331e-79,0.02972409384889134,3.738277853137136,0.00018528510965965835,0.14309266429447667,15.72544593833245,1.0123555766553138e-55,0.14177711291683082,20.961291792114395,1.4801526619632652e-97,0.10125608765928729,15.652877919218945,3.1752926442326306e-55,0.0035478844188364853,0.7397064141074612,0.4594781553066911,0.012660038989431414,1.8562730225764859,0.06341465231747112,0.03762249821725986,9.232966071403911,2.632394820059352e-20,0.0020593290020262636,0.5355664287318128,0.5922582357713431,0.00831724166180825,1.835595645704607,0.06641748163272071,0.019652153770257696,4.005870398141771,6.178952356486078e-05,-0.015757418264576765,-1.734313179338434,0.08286253030220936
40,23411.13978986687,0.7537424798605453,0.04153747620760306,-1.4327133062190116,-37.03334294594528,3.3299096815290785e-300,-0.10228079531790818,-20.701527331310565,3.355658754927158e-95,0.024673141062465025,3.083831811109857,0.0020435308708293236,0.13632428273325634,14.630039275827594,1.8068281267636577e-48,0.14150123981188906,20.373500466704222,2.873832985011948e-92,0.1057396704993423,16.072122962294667,4.001442836778269e-58,0.004425881867554483,0.9191349077974733,0.35802501260294717,0.007987824544996658,1.159857828496773,0.24610669497642113,0.03967244887971633,9.695225530171514,3.159388952109128e-22,-0.002979437703491148,-0.6966903747400225,0.4859965837445773,0.01275522627494382,2.7778607071143115,0.005471806948823939,0.012479591329271358,2.510604772294318,0.012052455081442965,-0.0029810538931807455,-0.32195458309092856,0.7474871014598701
41,23042.799207457214,0.7613289324422327,0.0423879479014298,-1.4757839510673219,-38.403423212587924,0.0,-0.09140927921476708,-18.828700438567658,4.394120821481243e-79,0.03516221332654021,4.419934152457478,9.87309805333945e-06,0.143534081796387,16.02807823326361,8.136016102985421e-58,0.13077197586102007,20.01129627300957,4.390811033559156e-89,0.1003782056226663,15.87915809075537,8.835638018908174e-57,0.009485931682439832,2.0028588508660055,0.0451924409320824,0.013879826796135503,2.040776402770671,0.04127305709528029,0.03495020950414421,8.604169927644861,7.687102592505983e-18,-0.005272630461272438,-1.256766799961986,0.2088380912986254,0.014932498095562866,3.3636226240281495,0.000769266532453242,0.02144192122785843,4.425802098920211,9.60845833600726e-06,-0.014170440646596567,-1.560214242168529,0.11870926109926952
42,23139.35277683892,0.7581298650809224,0.04534679360878983,-1.454944063533263,-37.7202950338952,0.0,-0.0873367778323133,-18.138641243029138,1.5788648887640846e-73,0.03209352037909664,3.9815360185886233,6.847134243091102e-05,0.1362089053430377,15.042566624986115,3.862781680205508e-51,0.12414133811791739,18.68468442325613,6.596779601490773e-78,0.09550789840399987,14.869192484514347,5.223963078027268e-50,0.010864667060273359,2.2748500435054133,0.022914927018933398,0.008580646399777687,1.2515919269269362,0.21071859779474678,0.03746081343879675,9.249999476158328,2.2449377204863284e-20,-0.0002207917552019753,-0.051925808916934726,0.9585878094703395,0.015767181471165174,3.413449080109176,0.0006414614440762791,0.014049111583475313,2.8886086298863405,0.003869503484368026,-0.004617858293408113,-0.5064168428395395,0.6125640531952993
43,23479.989768464,0.7582073050741739,0.03733140647391557,-1.4220119725905276,-36.62342012975973,1.2125890560160323e-293,-0.09519473472900142,-19.245077231088977,1.5523193440615987e-82,0.04204171490722103,5.195730651319195,2.0391732920749635e-07,0.15006060839708793,16.418010342866967,1.421520986968042e-60,0.14715959999822142,20.47364075780749,3.69924783294881e-93,0.09721963712868817,14.7627321070741,2.547482693844855e-49,0.01409160563056298,2.9074735437920745,0.003643611632742053,-0.012527819063138958,-1.7991032359328665,0.07200235188155525,0.03779868144256564,9.29044094102666,1.5365045353520033e-20,-0.0018848815822585874,-0.4586411571782729,0.6464918760856375,0.008276886198315708,1.842575986427962,0.0653909426899587,0.015283643802320238,3.075534285962586,0.0021012576814519695,-0.014780630098879012,-1.597520310516303,0.1101497739915506
44,23286.956687249287,0.7539433688004534,0.038610776003794145,-1.4155732436161033,-36.54613342677361,2.054020036050989e-292,-0.09926094306696348,-20.408543406775692,1.4040696808473627e-92,0.01865158046856038,2.3256526250981326,0.02003708973059988,0.14954085840061204,16.414530292919373,1.505413030862391e-60,0.13454827300784244,19.983678982073084,7.638220106122203e-89,0.10902247264881226,16.680358083876804,1.8212394541699613e-62,0.007785336613342853,1.6398317438605197,0.10104015596036788,0.002479209125578018,0.36382405451760547,0.7159893989673136,0.049772877298548214,12.157064000726551,5.261591204309969e-34,-0.0011703260066879585,-0.3278897797649436,0.74299500150644,0.004778542494491885,1.0635733021763825,0.28752204213861954,0.006323123593231686,1.297600366877732,0.19442469602995227,0.005861600050333055,0.6411792038224275,0.5214062594457776
45,23200.410370986574,0.7640735034373297,0.03868206107573736,-1.4644430740045098,-38.16041353789604,0.0,-0.09888972953183518,-20.345519808998827,5.086993225591104e-92,0.02575205774311777,3.2371947914675814,0.0012071098511720895,0.1491909431664872,16.31806741441933,7.342345921181769e-60,0.1422522917762135,20.846502340778184,1.6397986693647215e-96,0.10909950827713508,17.14447569176996,6.91194956183473e-66,-0.0009436470512399365,-0.1964822631071185,0.8442327140837821,0.007136746618504584,1.0457367186642013,0.29568260497774945,0.0359912944340233,8.876302877121706,6.911946573103856e-19,-0.004282128119748535,-1.2408246700653687,0.21467052560903743,0.018126173877765845,4.065268530813931,4.7977189714824333e-05,0.013419875676713072,2.75502514533664,0.005868762491946377,-0.008200906306324241,-0.9023571599685457,0.366867170495641
46,23163.698450514206,0.7600832795587088,0.03918162489595463,-1.501217144728479,-38.91649744788917,0.0,-0.09252459911474362,-18.890435275194147,1.3671385197230272e-79,0.022759753833450413,2.8527349195676406,0.004334476157719352,0.14648441478666352,16.07659863426792,3.722647535921159e-58,0.16341503187336337,23.64490268985786,1.3318050450236066e-123,0.10585766486225537,16.221405660958027,3.5595414149569334e-59,0.010742321102271036,2.249387051455813,0.024487881697504276,-0.005739047552896842,-0.8441070329329347,0.3986095980456774,0.03938326461881409,9.699024068212802,3.0439619624104777e-22,-0.011403376485162667,-3.1084771623762744,0.0018805417916824445,0.008494822293422025,1.9217559591324263,0.05463647231390116,0.010176364748979233,2.0903341065354266,0.036587797542143904,-0.008502784589385894,-0.938046618160177,0.3482204532410077
47,23093.847804599176,0.7596544347658293,0.03983213908138414,-1.3961091169587292,-36.315668227619284,9.156051405622292e-289,-0.09474065067147922,-19.45520168811181,2.633150073190342e-84,0.017050108902979463,2.160559549266473,0.03072937895054267,0.13631920664396419,14.771167683518769,2.2478446730249973e-49,0.170036547952448,23.25719677072756,1.2029525133995167e-119,0.1052013041952447,16.10169892989759,2.481949842670301e-58,0.0012743940831825597,0.26101861947239435,0.7940781485897449,-0.009059953765472143,-1.331077399469356,0.18316354461731743,0.04538932219379451,11.158869031295739,6.481079452231159e-29,-0.004664358970936135,-1.138459747654211,0.2549285576964787,0.010805023279949519,2.4085457091607765,0.016016220542445933,0.016595920365094316,3.403037054219419,0.0006664124203554084,0.007163536525504721,0.7880033578922423,0.43069474175509004
48,23727.27107143587,0.7549652360043165,0.036116232489713115,-1.472830093786525,-37.6091909537865,1.521088321783243e-309,-0.09038343904747315,-18.15560055943139,1.159529644842992e-73,0.029230891732286053,3.6395715838012777,0.0002730920144089693,0.14250459110064953,15.594444983797482,7.941055479723762e-55,0.14322525863846547,21.459689000461786,3.707753199838554e-102,0.10164867491298119,15.351764906969787,3.4467999351737224e-53,0.01480404961758968,3.0509831520165793,0.0022809337329856476,0.006149011754559112,0.8894691597976838,0.3737509906007286,0.041884800478508656,10.153688567376305,3.1907090762216434e-24,-0.003854305595808019,-1.018464369803767,0.3084573251078492,0.009859382983160827,2.165055447430217,0.03038343929696064,0.01593285315924818,3.1538063399355445,0.0016115598977259964,-0.012894194552098656,-1.3900219590120253,0.16452220934835782
49,23057.981241932524,0.7585788801441308,0.04186237395425413,-1.393726680401313,-36.38864521814182,6.437399395756747e-290,-0.10405213415456643,-21.168577005843737,1.8609171837997156e-99,0.03715559618132691,4.64230241936626,3.445480598245014e-06,0.13654091457907777,14.795857024967123,1.5578731641337086e-49,0.1447766183305778,21.00908408327547,5.4169499126113735e-98,0.10741588927284598,16.380775580151756,2.6237611444876944e-60,0.004156026738961677,0.8679714856634819,0.38540994271053475,0.0009956119799011103,0.14661410010876688,0.883436623680973,0.04279053022224471,10.516144984948689,7.279120723545329e-26,0.0015593998521826443,0.3475720337179863,0.7281616121139534,0.010231111871588762,2.251562199094383,0.024349952119559478,0.006679711378710637,1.354602020287598,0.17554438946252948,-0.0004683393046433504,-0.05154444942334731,0.9588916833854663
50,23680.702152553247,0.7527457202563215,0.043754854574892865,-1.543547910563495,-39.34598703763983,0.0,-0.09142895966271503,-18.390607326533505,1.562202178353044e-75,0.034033594854606546,4.208228559737258,2.573804629581523e-05,0.13936394383658718,15.147259396526032,7.899253838347428e-52,0.13045380478957114,19.11967616674271,1.7317938775469628e-81,0.10853706238358604,16.72158570591288,9.125838981066925e-63,0.006140654236788525,1.2718168539054457,0.20343819926984885,0.015387755994830119,2.1985791358832083,0.027907861869081677,0.03565658326702775,8.615433684039216,6.967734284828569e-18,-0.005788919955174672,-1.4059939887867956,0.15972590977701495,0.0095353752277016,2.0560434014477496,0.03977833295042396,0.014257173379386867,2.861453324943811,0.004217035924364919,-0.017361404783280583,-1.8946310240380457,0.05814130166334888
51,23232.030518638207,0.7605604833169265,0.038420737556675265,-1.4499389521891963,-37.3610745402074,1.675936486610245e-305,-0.08939139489555284,-18.176985871181824,7.853329049022717e-74,0.026639698342114146,3.301052949849305,0.0009632270231325967,0.15112043447621681,16.444374386884505,9.202976732615287e-61,0.13551855995407308,19.47815552642105,1.6823184812933463e-84,0.10723042425882731,16.344592963607383,4.7533452896208604e-60,0.007884850445936125,1.6319358638907842,0.10269299789694489,0.013532840349709488,1.9606652337996593,0.0499180871871927,0.045054163782051494,10.966757386938095,5.5217250034840645e-28,0.0013128050780091887,0.34179039939657657,0.7325086351304217,0.0031574357083361537,0.708645703934463,0.47854436666800804,0.012521291750000163,2.549923200436599,0.010774665146739163,-0.019080962971665682,-2.079414169494665,0.03757929925302938
52,23352.609701429992,0.7571489603168823,0.036878043152010605,-1.474804029619374,-37.95040060925951,0.0,-0.09515069300159572,-19.47816102389166,1.6821378749688371e-84,0.03146295865935809,3.9696912715237835,7.196581701140296e-05,0.14049456055498094,15.435848408973557,9.395671880631763e-54,0.14720175504630356,21.344790492712953,4.3591267656321126e-101,0.09807512685521158,15.326424814568792,5.09254939228082e-53,0.011166551101805894,2.328781063530632,0.01987066708946974,-0.0015192494327410933,-0.2208863446566822,0.825180930209715,0.047100945219935,11.479958054259837,1.6636120952028704e-30,-0.0009008876841167341,-0.23989467709218953,0.8104119074542588,0.008315153753722906,1.8980191834935127,0.05769355501339942,-0.00018078699523788044,-0.03664688122545686,0.9707665628030314,-0.0031562725096367997,-0.3446324809168252,0.7303706838658183
53,23330.34091376496,0.7561680083700493,0.03744417762661139,-1.4409586817014497,-37.2957017503871,1.9266768311200184e-304,-0.09572594221670624,-19.537664758510825,5.253121839426924e-85,0.031036150059458402,3.885021623720401,0.00010232078086097376,0.1512787064333443,16.516779717711437,2.7784236831843272e-61,0.14279110052514715,20.481126390219714,3.1723718044259e-93,0.10364198454876744,16.0043978125808,1.1905959927747803e-57,0.0021017969485263594,0.4335057803287305,0.6646473676671718,-0.0028471028912054816,-0.4152877035130103,0.6779313017932707,0.036988644662526715,9.016972290369532,1.9335930621272302e-19,0.0026471054714630004,0.6739978388554587,0.5003126876574844,0.007158002374681704,1.5585516348402801,0.11910253785087535,0.01641467542455924,3.371936192023964,0.0007464173916111776,-0.007069115691074931,-0.7708062584051241,0.4408217771358064
54,23059.160577395647,0.7596034098489481,0.042993638757068624,-1.4604612482041377,-37.842870199672454,0.0,-0.10252721519854435,-21.035593837344535,3.098693248329025e-98,0.025358118605210818,3.167369261987335,0.0015382485835622418,0.14606256009744156,15.927809242005724,4.063461114975741e-57,0.15297346308927567,21.812071095617803,1.7822314365807044e-105,0.11605792711396279,17.73080366246171,2.425424373005725e-70,0.004387005761490094,0.9139217194489295,0.3607579801353684,0.00010593934870784492,0.015528905909690032,0.987610223689896,0.043680140855958845,10.703355884210138,9.815758312870881e-27,-0.0038119036432637254,-1.0489256223650256,0.2942123518402816,0.005583133569437914,1.2460120482624852,0.21275997198249763,0.008963344171697377,1.8304666314933118,0.06718019204032052,-0.010101637336302424,-1.1046514444894582,0.26931065050390224
55,23518.823131002668,0.7499889343535334,0.034207748713878994,-1.4938016910327307,-38.251627973260746,0.0,-0.09296451119462087,-18.88189973651755,1.607006198988816e-79,0.040481876888522825,4.998858376022613,5.767073990165915e-07,0.1449276658909457,15.734454750768029,8.780985204929965e-56,0.13495801373796068,19.884053747804117,5.592735775841464e-88,0.10901301939638189,16.619790515858345,5.010740420735104e-62,0.00718766163715466,1.472051584199034,0.14100694828208726,0.007282818752701592,1.0468572015580628,0.29516544357616237,0.044816778716646036,10.90020610690598,1.1499650414565555e-27,-0.004385914519614707,-1.088974696945604,0.27616504402276065,0.0091497328663326,2.008012981011871,0.04464191226582594,0.009842123912411502,2.0021756085881846,0.04526584802765267,-0.020216321016450507,-2.1841622129096385,0.028950330496841446
56,23584.229176764333,0.7540849748654386,0.04178930094877803,-1.418174813134746,-36.433759796460585,1.2438500178680474e-290,-0.10426610338475516,-21.160511177440146,2.20815753827646e-99,0.028290927476541446,3.519745519439181,0.00043196103476600926,0.16162702432535786,17.835317727387622,3.7590679847232245e-71,0.1315593750903613,19.273201313130006,9.018131080528152e-83,0.1132578301212564,17.29120078924699,5.4798768997046794e-67,0.0071205129754762925,1.462297725442333,0.14365964157035407,0.0043562014229412225,0.6285894543121375,0.5296178661190296,0.04444642117246006,10.785545580974068,4.028457412042711e-27,-0.006083678742435417,-1.435143152426401,0.15124630896575347,0.010561454634560243,2.355085612568705,0.018518438626531443,0.0083651663067901,1.6855647543674284,0.091879662659567,-0.01963013883110661,-2.1313152220807563,0.03306318185088051
57,23292.488825917037,0.7584630469470358,0.036995900668928904,-1.4871987600063314,-38.74465930967249,0.0,-0.09465790477412966,-19.44526067385707,3.1964612369763617e-84,0.01879431842855732,2.359490295357668,0.018300059512790793,0.14641285038627466,15.99983582812208,1.2811246515539908e-57,0.13092188268685584,19.283599053894513,7.376127893854371e-83,0.10053376894571053,15.499097286888272,3.5180018591789695e-54,0.005639761688727287,1.1445269735671209,0.25240515806982156,0.0015970087794938913,0.23157951475598604,0.8168646198771832,0.036680609554585394,9.018952775351433,1.8989583584956837e-19,-0.002979405876571431,-0.7905298122250499,0.4292184187413447,0.004523116265795966,0.9884561995094412,0.3229292755384978,0.015585217116092079,3.1795086910950983,0.0014752494538923012,0.008513216723892242,0.9440879374702751,0.3451247129105287
58,23385.992579097594,0.7520790034165195,0.040045382181623325,-1.4382655707898724,-37.15844464430996,3.202681874544852e-302,-0.09760003614047966,-19.713734560241,1.6437646407924192e-86,0.023172121876765123,2.908092471273205,0.00363640792492654,0.1445189931957264,15.834183458236966,1.8079079810660214e-56,0.13453623360753936,19.880565415922618,5.99544035544086e-88,0.10583852764836982,16.148815150132606,1.1576400327430548e-58,0.0007417545163009211,0.15220359678208614,0.8790263571953556,0.0013261560285234841,0.19368223072379456,0.8464247062037401,0.04487367343331155,10.969519361972912,5.3556323997761645e-28,-0.006331780334596531,-1.6413420709241981,0.10072642757005075,0.010006859092068648,2.2007257115206413,0.027755447470698906,0.01287544913435526,2.6151153608566093,0.008919732325144257,0.0017600213898068817,0.19056077554146636,0.8488697235514018
59,23161.628436416726,0.7555994981035954,0.035965738084066,-1.4718603962605943,-38.10200093320913,0.0,-0.09473899932357857,-19.35266154931,1.935826630279762e-83,0.023901165065707594,3.0007993957347874,0.002692718952089546,0.14591669146070346,16.035815990655156,7.183382405018681e-58,0.1356192795512044,19.83395011743674,1.516495235277223e-87,0.1099788167328668,16.978167633746544,1.1914829518239999e-64,0.002289852794060727,0.4779264771626363,0.6327025355864642,0.011665999469482845,1.7047897419664302,0.08823364536617628,0.04093954692096074,10.007258545670833,1.416226023216277e-23,-0.0012521024825597154,-0.3423388148252874,0.732095928245228,0.011473653215183847,2.5639242761284122,0.01034961216743555,0.013616351980836716,2.7561687757629967,0.005848281140880118,-0.007581828157094871,-0.8362051861858896,0.40303948132312095
60,23513.14479592282,0.7584235728032197,0.04079773581242694,-1.4597713418425633,-37.4552199766306,4.939296022545359e-307,-0.10048036467407831,-20.469984185042712,3.987497954488721e-93,0.03276826811040774,4.073825070551541,4.6247223831983126e-05,0.1578168184982452,17.319756081216276,3.337694886735348e-67,0.13503363988601902,19.567667356843053,2.9173195239358006e-85,0.10897541631167537,16.81611577273758,1.8595813866566963e-63,0.00025014433723532896,0.05138834161634778,0.9590160745422075,0.0019799142497447155,0.28959238604643533,0.7721280925780185,0.036830394303603825,9.018834505245243,1.9010093431124405e-19,-0.003701000602780262,-1.1268598513484345,0.25980174052451643,0.009702305239774734,2.1910681681343505,0.028446859829176777,0.011733969806336383,2.3482699282393593,0.018860847309308745,-0.021197666906206374,-2.319408002089294,0.020372924174497486
61,23104.71737817499,0.7612339470197823,0.041240808704980904,-1.4289274438450033,-37.332013103344956,4.965397600807065e-305,-0.10844080537218209,-22.156069498415906,9.116971338355302e-109,0.016196206962607318,2.0342633129292866,0.04192505404572351,0.13135196528745802,14.414158077866324,4.215482555254153e-47,0.16394591566659794,23.323289932994975,2.5733557438843088e-120,0.10887162952032756,16.865038148164967,8.134957926558702e-64,-0.002589080293347907,-0.5346231955417282,0.5929104407711071,0.005363574950067604,0.7748720510056801,0.43841526874585,0.043631226775880855,10.744839907543724,6.2670551701188185e-27,-0.005812261573854335,-1.7352346473215772,0.08269925194039197,0.0033223927908869917,0.7452471786280963,0.4561223067275688,0.005152510472302946,1.0557486334699027,0.29108307159130375,0.006436387820260358,0.7043637237181828,0.4812062912263134
62,23088.26504676857,0.7588724567251541,0.041288638838229974,-1.4650523762633076,-38.203078748669014,0.0,-0.10330425530086498,-21.10601790129853,7.003054640534843e-99,0.03537183376624197,4.501662767131925,6.7423901629536885e-06,0.1381694660354736,15.242458417756627,1.8478457643215686e-52,0.15624387790109912,22.469797012151332,8.19649986010892e-112,0.1108334013259753,17.092048049359818,1.7009363161867945e-65,0.004650608082828571,0.9625299705175325,0.3357834557949062,0.00010688475320743345,0.015811885982082243,0.9873844659802536,0.04683154233537315,11.551635666271867,7.242871072951707e-31,0.0009747427606869394,0.24062971304326633,0.809842119047328,0.008633632295706909,1.964708017482591,0.04944804147096325,0.0071030245770079825,1.4348710650704775,0.15132384239013766,-0.008531007854682734,-0.9434662233492754,0.34544248404837996
63,23686.513174787382,0.7497328040212338,0.03958829467469071,-1.419649399100761,-36.3967512869153,4.791773145077338e-290,-0.10235242300173361,-20.730735289557526,1.8297306758741436e-95,0.019165665184319197,2.3565731971727795,0.018444432196115346,0.14365831753873998,15.571956078933898,1.1290106544330653e-54,0.12931811990487924,18.98663077834146,2.199987846206687e-80,0.10904233844866085,16.791465034515568,2.8180185714233994e-63,0.010165648947360776,2.0676992830702536,0.03866830938065125,0.001806866260669785,0.2566447030619205,0.7974530624486675,0.042783567053546065,10.47213224983868,1.1600021261677495e-25,-0.0005099423698273226,-0.1415091658444556,0.8874677196105115,0.0017160468907070781,0.3751757311940186,0.7075297778821197,0.008559586854910567,1.7256798177274477,0.08440503087701579,0.007096869241442181,0.7726748894869051,0.43971481112127253
64,23010.040946651054,0.762880313237483,0.03936556638126278,-1.4987947162917519,-39.15543308220106,0.0,-0.09661076579826489,-19.839797874011403,1.3500037675996387e-87,0.031223991713233305,3.9177463171920084,8.938069582949076e-05,0.1325840117890892,14.63865870409047,1.59177470522508e-48,0.13882431748503798,19.991855075594337,6.4839877905478e-89,0.10447389937782992,16.078685934642216,3.5993288910088174e-58,0.009369523817357693,1.939668965627822,0.052419933520264715,0.00039467184326901286,0.05810361050061337,0.9536660984904238,0.04749460079750156,11.751793436894818,6.913575933015245e-32,-0.0027318440208695506,-0.8182065778575175,0.413239239784988,0.00681419771592384,1.5467623242383775,0.12192056827217734,0.008433651492637542,1.7313167034892036,0.08339529387430479,0.0008805173884839541,0.09726274442041961,0.9225177413290371
65,23328.249373665814,0.7536391239112056,0.03926266246125052,-1.3923154047317945,-36.07146185744828,6.35670894514639e-285,-0.0997778950380423,-20.275961709640814,2.0965364166506888e-91,0.021928090620489456,2.7586111140285023,0.005804756736571849,0.13293765077909395,14.458569611805439,2.21350111639918e-47,0.15141545307741672,21.378313272109605,2.126783324653989e-101,0.11498240966077072,17.424572581561637,5.370826305703002e-68,0.008300041401871254,1.753134653088577,0.07957889656203151,0.008696311846783215,1.2648066253336192,0.20594065581178211,0.04082949806375496,10.009643094388279,1.3825038607159006e-23,-0.008392342296190115,-1.9907973140018285,0.04650317479098192,0.010808145297767545,2.4108136636803197,0.01591697815722148,0.010485728381615822,2.115492090864673,0.03438802831635316,-0.0020718969098139257,-0.226826773992788,0.8205584436316385
66,23590.297768825287,0.7555464014075698,0.03968280302381191,-1.4550131819802168,-37.3818244431801,7.713320781325983e-306,-0.09834566320666571,-19.815101357149018,2.205635424166597e-87,-0.0012846516142971456,-0.16040832949268452,0.8725594285966509,0.15018906715431027,16.066535438839125,4.378857432642271e-58,0.1422244926486977,20.274002614160587,2.1816979403483202e-91,0.11467596994929558,17.437402461511418,4.291400009463784e-68,0.00410502341116598,0.8482760495172373,0.39628425271719914,0.007896199045412777,1.135683062819134,0.2560892315699933,0.03459992728708121,8.444980221823068,3.040969357926104e-17,-0.00368711478355391,-1.0001749274974934,0.31722586060051483,0.012422640161914944,2.698848249815444,0.006957989590573076,0.011928139510661975,2.3950528686334938,0.016617968932100238,0.011467198288494847,1.239660693154313,0.21510092152304516
67,22898.734722908575,0.76159760914579,0.04334566666008778,-1.429973573277958,-37.37171562017519,1.1257719038143392e-305,-0.08992087079873479,-18.627749391928546,1.9140536136034453e-77,0.030519055102987754,3.8589356873733194,0.0001138818989834232,0.15402068699895285,17.22923867460745,1.602465588827647e-66,0.14731291941131414,21.747027069112637,7.370383768819571e-105,0.10058935028039151,15.539048481505361,1.8876530609545247e-54,0.00658475724426185,1.3900662643571498,0.16450875634124218,0.0026256588118614456,0.388131233488844,0.697918919240575,0.036501116611990264,9.08027867459698,1.082972135292239e-19,-0.006687046083155142,-1.509099982589552,0.1312732340238411,0.007161466062225123,1.6379906322980482,0.10142364794595861,0.01756896063730913,3.6291774163953066,0.00028432578758617004,-0.016448265260649988,-1.8130061060269342,0.06983087956055756
68,23355.676632588264,0.7539320868081015,0.03887785811021248,-1.4348967100277072,-37.00986240813005,7.947565372510706e-300,-0.10162366502296216,-20.55713936273927,6.64362146448897e-94,0.01797161578579584,2.2562194289691186,0.02405689236264686,0.1364366102241598,14.80774304865069,1.3055065746884219e-49,0.1431207591091429,20.79197187850098,5.116463013957586e-96,0.11199420711444888,17.182785445273016,3.573337913516553e-66,0.0003631464075147788,0.07605025307516779,0.93937911775368,-0.0003263242621571495,-0.04738320647982743,0.9622078132736019,0.035825042262555166,8.744647675107203,2.2371261277509802e-18,-0.005502490278416367,-1.4667807786981517,0.14243570012980108,0.013898081323455186,3.1021803566371142,0.0019210088121210645,0.013249437683013537,2.71187297738248,0.006690422527620052,0.010903644103698623,1.1862211426703977,0.23553497882249086
69,23456.937093455028,0.7591913825576121,0.03839498683598998,-1.442291341398485,-36.987598024262546,1.8123699677561876e-299,-0.1027465991606152,-20.95827368883529,1.5770363664021056e-97,0.015247636703164508,1.9107504974336196,0.05603665200933289,0.15960423982934283,17.607474130624986,2.1586520924925764e-69,0.13880145094164925,20.179336800792427,1.487281775905245e-90,0.10795271854181898,16.652087841580776,2.9222670731373298e-62,0.005893772650948858,1.2218844604493957,0.22175132270591646,-0.008572949308779096,-1.2516138658575462,0.21071059959524285,0.04508628104180363,10.947547888342704,6.827078314624309e-28,0.0017880624621190947,0.4500100845473476,0.6527031690898932,0.007612391642506072,1.6936280459175044,0.09033598520355901,0.01896852705376116,3.836282684935432,0.0001249106239666278,-0.0013371822487611429,-0.14753819812342547,0.882707231864915
70,23107.057724946164,0.7602954484900167,0.039678129628338395,-1.4081155478952354,-36.68952088647531,1.0730680345114264e-294,-0.09678564525009273,-19.831769097299574,1.5837052400530522e-87,0.011699311735253064,1.4713777493251514,0.14118898742335945,0.1631344025617131,18.076543096455026,4.8771589694717785e-73,0.14245714277811278,21.552773687192268,4.986830894657037e-103,0.10550184244033844,16.200391390105544,5.010714678061084e-59,0.006707285602331838,1.3894192803252994,0.1647052908024167,-0.009176659306575498,-1.3345018952985783,0.18203942612925772,0.04333100776237424,10.613775867502744,2.5714275607280218e-26,0.005638551435282879,1.4997719167314145,0.1336734942381162,0.013611950139465725,3.061268518501757,0.0022040133975139977,0.009641276350334835,1.967943538429963,0.04907453452780425,0.004706115172625286,0.5205186709768846,0.6027021179523773
71,23108.696197370882,0.7619803241931444,0.04188523581397989,-1.4240948596366345,-36.91050668011593,3.1348638971967787e-298,-0.09981396940544414,-20.48242367386516,3.0889950134061125e-93,0.02373930219235089,3.0139640883236893,0.002578583264120261,0.14394931164036906,15.827622339875743,2.006616558826752e-56,0.15419481673417013,21.82014447863073,1.4938667236221225e-105,0.10990686039520531,16.962680113707226,1.5510542749065638e-64,0.003084414602662915,0.6403974708177279,0.5219142267286732,0.0011267068103028091,0.16638529928577597,0.8678537421715482,0.04494910486515006,11.132847244012378,8.68172925640857e-29,-0.008264833148634937,-2.0921190340699662,0.03642786887148183,0.004536596165163498,1.0250864560777688,0.305322395569647,0.012718821677746031,2.5843570965082634,0.009756072464314166,-0.0009558979463359443,-0.105184352897036,0.9162295264226128
72,23154.826393814652,0.7568617691323559,0.04142839927175639,-1.4416632404434626,-37.61068451408064,1.43794313535874e-309,-0.10378146035624444,-21.33072592786593,5.888694427315696e-101,0.03328303972182487,4.14346976286969,3.4209019368087636e-05,0.13342528159236391,14.904789736062156,3.067768113288025e-50,0.12938651397511847,19.169394289569958,6.668063756662988e-82,0.11002697432966346,16.971034835425552,1.3454014620573094e-64,0.010410753727660737,2.1619258863481288,0.03062388931936117,0.008063427115146671,1.1908975227994756,0.2336938171546783,0.038950577261414536,9.521666534466695,1.704237400200265e-21,-0.0020174352138409703,-0.558084656191402,0.5767865776674234,0.01375630988499943,3.094694577060086,0.0019701565982876575,0.008811564475570549,1.795580318409721,0.07256128836192584,-0.0077709253308747145,-0.8561537265028238,0.39191275405543846
73,23383.394697435193,0.7534529096996568,0.04020885047829495,-1.4448319445763256,-37.047478438048486,1.9718647702075927e-300,-0.09044756791795452,-18.327932013110495,4.953841440670682e-75,0.03292012862085577,4.1056808070550534,4.0312582035252666e-05,0.14736357908250508,16.19360644272896,5.595093806350185e-59,0.12827701071855369,18.504983072820124,1.882380412462066e-76,0.09834183654368642,15.347771261939535,3.665650406379275e-53,0.010108004998072434,2.077448423808439,0.03776019082300125,0.007138493667921349,1.0512656898187616,0.2931365804434911,0.044571484933967336,10.914719615420871,9.803132325942115e-28,-0.007295478224600104,-1.623949482546964,0.10438659057629275,0.014492713652690142,3.2046456263640506,0.0013522886254139462,0.015706864134461734,3.2050550987639324,0.0013503662813839298,-0.011061562691403928,-1.2043226272978957,0.22846490431283273
74,23744.24160293015,0.74864500133615,0.036987655251922706,-1.4895514373877026,-37.84029379958345,0.0,-0.09305700300362404,-18.758595833100625,1.646930197589159e-78,0.032322447631410664,3.9779773218683747,6.950399888854087e-05,0.15453694497586057,16.71054246083731,1.0983184500257619e-62,0.1202729798814251,17.656959637091365,8.995650079954985e-70,0.09899295724518414,15.355052311273802,3.276451731625002e-53,0.019449305318192698,3.9125059118280263,9.134330133470344e-05,-0.003879493994570885,-0.5598262758341706,0.5755979392518868,0.04140844034709638,10.104355388254787,5.284192901455939e-24,-0.003699037557883541,-0.9021311906952223,0.3669871817353074,0.006641368646259367,1.475794998309111,0.13999893388098794,0.012793022829180961,2.585952432439349,0.009711033126569056,-0.012089051053666925,-1.298551468634332,0.19409790229711243
75,23374.908123020457,0.75447674414685,0.03673235793366922,-1.476999148165623,-37.861556007456045,0.0,-0.09585606350034283,-19.504444187583566,1.0064517062217412e-84,0.019982445889811615,2.456214776837451,0.014040921245754793,0.1409848673861855,15.49491540306347,3.754546494480728e-54,0.15545572306024258,22.016395261794145,2.0060016557336746e-107,0.1111058859345857,16.62723171915661,4.425752490354858e-62,0.003328679587915365,0.6884499599198465,0.49116947175376013,0.005489962965756202,0.8038963781071498,0.42145682198729173,0.041719670602702034,10.179647716369454,2.444447029697042e-24,-0.0034097593682419166,-0.765645098668988,0.4438875023571329,0.011725140532789105,2.630325604222025,0.008530312370995526,0.009631946617753878,1.9108385386861402,0.05602533342182688,-0.010289412660644898,-1.1237170628601993,0.26113307547432874
76,23354.371422375196,0.7535214921358729,0.03605113037574603,-1.4678168196791872,-37.99205669334849,0.0,-0.09654655126220947,-19.58407871440755,2.113963337414799e-85,0.02221721723086026,2.781031330561965,0.005418650740940478,0.1440039005126163,15.58304764492726,9.491927036413718e-55,0.14747058722789358,21.425050780049528,7.804965078808948e-102,0.1135264826803612,17.242605848722214,1.2717290815671148e-66,0.005459289989440121,1.119722779956195,0.26283191450176635,-0.00016734078913493294,-0.02443693669337835,0.980504085894281,0.03922550881330505,9.608788923592524,7.340728307138262e-22,-0.006061556416158213,-1.5264570059914717,0.126896089992695,0.004776070127361923,1.0648862423434962,0.2869274114886403,0.010138747096814602,2.0195478218723406,0.04343031211087814,-0.0026967234597126896,-0.2986754919196985,0.7651876585628792
77,23245.74981012409,0.7580488339694648,0.04253419592287684,-1.4716588170590688,-38.00433062257956,0.0,-0.0981724129150425,-19.822093361478796,1.9195540566331512e-87,0.029524129965761245,3.6422879838013613,0.0002702255185648038,0.15136323485941636,16.459430992477635,7.177194948845017e-61,0.15553663418040398,21.75075660768481,6.794990716132282e-105,0.10433218474036299,15.772676478524055,4.797299028254185e-56,0.0012778562961865293,0.2610794410678452,0.7940312456542804,-0.004626692359219005,-0.6694978046430667,0.5031779806635774,0.03392190708467979,8.307663275047942,9.760503057382061e-17,0.001773117477394311,0.5248962033136284,0.5996553488854489,0.009986620421992875,2.226146661287074,0.026004359335295525,0.013080840378505543,2.6090524007822857,0.009079333793749488,-0.011256877747572468,-1.2155453657761304,0.22415815721487053
78,23261.82014924541,0.7583100872386241,0.039123585789489324,-1.4170263393622997,-36.54325311869561,2.2821946363392715e-292,-0.07828804043659333,-15.941821969652151,3.2474571879809985e-57,0.03175274518997839,3.984813102284673,6.753325798025557e-05,0.1564510353314693,17.07867772284135,2.139116818881232e-65,0.1490484287968446,21.11586655870069,5.685775588005851e-99,0.09041096568418022,13.734439120027998,6.3143159670403925e-43,0.0066686615909620495,1.3745055561767436,0.16928478653039492,0.007442857491076281,1.0938418566006398,0.2740243429988821,0.04475580197264485,10.972643435678666,5.173731126247783e-28,-0.0019230354413106582,-0.44524395924002036,0.6561434618945685,0.011264161850241242,2.463230226589851,0.013769147007702758,0.01253466718040648,2.5082785859990975,0.012132097471824881,-0.0248047369523319,-2.7464273834686463,0.006024822185030988
79,23024.21605365836,0.7571550450089708,0.04447219492396475,-1.4456231714020855,-37.567933636158756,7.18018672119896e-309,-0.10207713124686682,-20.826537761771235,2.4881006095403794e-96,0.02888091976810355,3.573933981998225,0.0003516576289043741,0.15317447878391194,17.03520031003937,4.501975729524605e-65,0.12935121007148792,19.01688694142871,1.2360835310461108e-80,0.11542067031635286,17.6285221457341,1.4880596054423796e-69,0.010990979196433198,2.308579718997048,0.02096691443505098,-0.0011750918080699222,-0.1738083818632296,0.8620160568869835,0.04501440335425188,11.151658837359163,7.028371649839307e-29,0.0013960729319682007,0.3245927407468361,0.7454893220406262,0.004097167322876714,0.9264248044192588,0.3542252585099894,0.003011622712169898,0.6147090073848983,0.538746910240812,-0.011330589290797981,-1.2464842669011058,0.21258666170266316
80,23334.51620482033,0.7531357086918489,0.035951513371136674,-1.4292617436237305,-36.70309961713313,6.517221697716911e-295,-0.10208222021854772,-20.676761827402498,5.6081264212036804e-95,0.020238027152970295,2.514747899100665,0.011911752640470397,0.13399617138170275,14.634255015964992,1.6982563997592556e-48,0.15786548121710597,22.86280226867039,1.0900409545756154e-115,0.10543032968291238,16.145776698716073,1.2160805302609991e-58,0.012973965435165297,2.7075871320726086,0.006777427746186637,-0.009200089682469175,-1.355902375526874,0.17513023159923846,0.03850079330347872,9.394540209256629,5.74682696056841e-21,0.004082944247328836,1.134555761647606,0.2565614975453091,0.0016275655569271234,0.36201088178590723,0.7173438987001054,0.005940651508880332,1.1906358991388888,0.23379655217239126,0.010644468566955102,1.155330692597229,0.24795503174274836
81,23151.076442941754,0.7525976403614444,0.039568547713823315,-1.3674881030251824,-35.461877339144046,1.9031019213629243e-275,-0.10770049935383924,-21.71041314450434,1.6358072080610593e-104,0.027087178915145928,3.3778381060059237,0.000730580785965028,0.15026194071780874,16.40864280775285,1.6587202907639285e-60,0.15714789269321855,22.6291132986847,2.2406346421123856e-113,0.11723234807758973,17.907674326249808,1.0273951572052044e-71,-0.001008879531594975,-0.21141946445876156,0.8325599695605644,-0.004837203261189154,-0.7059066521388131,0.48024619046140316,0.03914086056555435,9.708083632253873,2.7852432041727906e-22,-0.0016996855848014731,-0.4610582473686167,0.6447568160819108,0.012699739384861951,2.890025718535204,0.0038521031017715686,0.0062419005622497414,1.2659993136819574,0.20551332796924116,-0.009973057164404813,-1.096374268001318,0.2729150200889561
82,23608.11865949331,0.7549539956606129,0.04233718084072426,-1.4210918794537624,-36.412000372228036,2.749306878615243e-290,-0.09259775441503754,-18.780772744052808,1.0848964423610855e-78,0.031047245952945494,3.8340547017311497,0.0001260480912300998,0.14232249437233915,15.403837545216899,1.5423780173278776e-53,0.14150447930325283,20.95896180623152,1.554404780218039e-97,0.10817880161191126,16.449140256569084,8.506718098346925e-61,0.0028252071436260535,0.5776946534176229,0.5634702894952264,0.006504910558623709,0.9285181097405637,0.3531388782797473,0.042721197166137974,10.49021824990189,9.580683143853419e-26,0.0017701123299870285,0.46318280031419273,0.6432333436685638,0.018507242646654033,3.989080458619881,6.632992231226607e-05,0.014238572424067453,2.851124548609152,0.004356490136583846,-0.01421691484463218,-1.5339079835540042,0.1250522916565173
83,23102.478239509288,0.7590830541257145,0.04047536845669377,-1.403698221230328,-36.38642269249448,6.980062374321681e-290,-0.09290412498880683,-19.306095709657423,4.773212344001788e-83,0.02408979910236901,3.0583069592082524,0.0022259143996826874,0.1305316358730941,14.451941927789742,2.437162748245799e-47,0.1748025772739582,24.54333021810647,5.095732990504689e-133,0.10653130851424444,16.47967397543869,5.136107748078774e-61,0.004444782950408463,0.9303192650104402,0.35220580603057594,-0.008150622422048835,-1.1953137286084132,0.23196447792457775,0.04181807961626931,10.412594582139311,2.1721930668061173e-25,-0.011316588841604884,-2.5829940281043173,0.00979470183933053,0.010447355905056528,2.3487766563608026,0.018835200928090153,0.017586150746044416,3.6092076504678254,0.00030713369008192196,0.004972983623663749,0.5571373055203983,0.5774336207884825
84,23222.120135220775,0.7567635052245381,0.04088353701883008,-1.4180670280822916,-36.703779397669244,6.356509385050636e-295,-0.0998442564716754,-20.12884321227073,4.125122273167138e-90,0.023563329708162536,2.953907231505312,0.003137783135780656,0.14670240931470063,15.7875247412431,3.791692308977906e-56,0.13443126087102036,19.370226243698266,1.376513931568182e-83,0.11499340609972963,17.491474997180518,1.6639434544815284e-68,0.001494717694177692,0.31024827331829785,0.7563721635055927,0.007986110025321952,1.1549226629567408,0.2481220978605162,0.044227436333049,10.76337099395394,5.12600570117472e-27,-0.003742431591454591,-1.0249947743407355,0.3053656533762008,0.013077531970923734,2.8811212690100567,0.003962631450251911,0.010109398965741048,2.0411354253431044,0.04123736806362028,-0.015395752875695064,-1.6861361230174627,0.09176958375259918
85,23467.42027224151,0.7592533623464017,0.04099983339943803,-1.5063381336180501,-38.466130745087156,0.0,-0.09821857121825994,-20.201619458257525,9.473888678708733e-91,0.03222867112031044,3.981988697999326,6.834103031213819e-05,0.15638795785474094,16.916798439793467,3.383289423270021e-64,0.12359981063713527,17.71664934594452,3.1194831966371283e-70,0.0997028444241922,15.294559758143235,8.3120987616396605e-53,0.004612097621889412,0.953148667181273,0.3405147508739079,0.008403737282224205,1.2310189440143657,0.21831577910805333,0.04464845717398657,10.94565187720147,6.971442162351542e-28,0.0010224990040571223,0.2491409311189094,0.8032517689906464,0.003932873085334278,0.8724211236765638,0.38297868089009446,0.018374745997218875,3.692593436677244,0.00022197874350047994,-0.012346492534017456,-1.3364172611811282,0.1814129275107076
86,23725.721534861666,0.7554354303808568,0.0400968028053104,-1.4337700857324482,-36.75967120342662,8.14612741116676e-296,-0.0971641047598093,-19.628244969866287,8.872687896936828e-86,0.03062907226269035,3.822897328797606,0.0001318927078031167,0.1345022856838096,14.636523401674484,1.6425498009848693e-48,0.1296500236376093,18.729613707688287,2.839689129510836e-78,0.10624099557212094,16.196711889668286,5.319645063628944e-59,0.013858243382814862,2.798146114490366,0.00513968563066984,0.008984487947059796,1.2934101353586558,0.1958692465340346,0.034561637475733195,8.33003162261618,8.08207638417434e-17,-0.0011769905066687713,-0.29043914590046943,0.7714802995935852,0.016477357990006852,3.629102514134014,0.0002844082893412102,0.012686937557069414,2.565701093764053,0.010296751659153579,0.003696669181011865,0.40646366784548077,0.6844019472191953
87,23615.047053140635,0.7505328620987793,0.040430267886710086,-1.3795306059470578,-35.323404186053835,2.568062668188276e-273,-0.10277182412956543,-20.567938977917212,5.317838656111501e-94,0.027986951846583133,3.427436750954067,0.0006093082251679858,0.13143264128691887,14.339815840039076,1.2338241684283426e-46,0.1418618891981545,20.665986585092178,7.010959802447803e-95,0.11261306607750973,17.086224564033024,1.8795561990274285e-65,0.006880019151281671,1.395841445395556,0.16276224664377803,5.324732283179794e-05,0.007647665866001151,0.9938981049594422,0.043777212356215116,10.581808069718177,3.619059833420842e-26,-0.001158971261166012,-0.31562785209373373,0.7522849946433362,0.0064470293462531685,1.4107983482971713,0.15830408166482157,0.00780514682762444,1.5676056815025927,0.11697318537021617,0.0064295972407006075,0.7056143463724152,0.4804280000829251
88,23190.186143655326,0.7620091247342969,0.04047088479907564,-1.4987864575080072,-39.105105037149414,0.0,-0.09219498699550355,-18.936533820371864,5.7030262594333996e-80,0.008635759953989415,1.0868285433713611,0.27711259069937133,0.1688296822362204,18.602909728590728,3.0433186977462315e-77,0.13040854866567292,19.664339143679143,4.358087439315259e-86,0.11084708520364805,17.151823109610234,6.091117206017613e-66,-0.004794759350148656,-1.002445790501913,0.31612833590447453,0.008191106624340734,1.1916291603839464,0.2334066858064584,0.04526819661013516,11.14128101791045,7.897511627732526e-29,0.0032456937361990596,0.8145261319734969,0.4153436081444867,0.020620752245443817,4.554166730670643,5.25936310877263e-06,0.012372055053265746,2.5432855596986452,0.010981544057785371,-0.0033831267691311583,-0.3710513652657043,0.7105992741651435
89,23262.127285467253,0.7560105340271333,0.03999906208910117,-1.4886476665001969,-38.443398566941745,0.0,-0.08470581156823183,-17.61313961079148,1.9530523951013556e-69,0.03365682751721544,4.172971439425967,3.006526421475247e-05,0.13897740039367157,15.247558385514088,1.709053558490663e-52,0.13700237306517515,19.595324871257567,1.695003073402982e-85,0.0982647100532098,15.334165030265842,4.52047957998727e-53,0.005746426305897251,1.1867558281087298,0.23532394681896052,0.016182101978593853,2.387506303682057,0.016963111847628966,0.037922255242567045,9.34225876981211,9.4300503170898e-21,0.0038381317869009674,1.071257626137285,0.28405360705331095,0.01772316813166122,3.972891520973379,7.100539134234308e-05,0.013300529304335451,2.6956886501529773,0.0070243289462767885,-0.014524968351026221,-1.6018104219507885,0.10919753772048925
90,22837.670243458713,0.7604041405721512,0.03684375041078494,-1.4831142720280739,-38.83052389940245,0.0,-0.10012237721560605,-20.57074178159776,5.019244907869967e-94,0.028553096358898473,3.638305031947751,0.0002744382696900991,0.15863046837648387,17.45420118676155,3.198203056535611e-68,0.12769000077995696,18.90504829186296,1.0364463297703598e-79,0.10584461350531096,16.65382460321883,2.838665200480729e-62,0.01178667526323365,2.4818460621220715,0.013070372628725712,-0.011706800179941497,-1.7088731943318607,0.08747444082871537,0.04419063045006693,11.050127592593991,2.189035398914202e-28,-0.002919138013119967,-0.7893117151310232,0.42992984116445077,0.003734911704637755,0.8338267309193589,0.4043786298439327,0.0072059178850854555,1.4922756247611553,0.1356269040739182,-0.006262870946835895,-0.684744948591441,0.49350487980299385
91,23411.22791493628,0.755796043734907,0.03759436838926605,-1.4400361818476224,-37.058880580607635,1.2919940069475267e-300,-0.10412059618107584,-21.108375413302568,6.6623665890931726e-99,0.04231750781522945,5.266493930112791,1.390538423009461e-07,0.15793563770371163,17.17960957563758,3.774428596939075e-66,0.11900195202186842,17.299620902509712,4.734942959175209e-67,0.11637355201014926,17.99108001941933,2.2885379299070695e-72,0.007209328084462466,1.5065441815793692,0.1319275342050248,-0.003784738843078025,-0.5508314363615477,0.5817492320302727,0.04154273362659565,10.13873469832285,3.71885117573745e-24,-0.005091750572139287,-1.2094162047071741,0.22650298612518371,0.007908789747757647,1.7611965929019946,0.07820513452788944,0.0027405384985153686,0.5526346964177182,0.5805135784635629,-0.022218537406777678,-2.4216179730440865,0.015451584748917974
92,23144.894699752447,0.7547339769915055,0.042075490686522964,-1.391387706065907,-35.92033985255702,1.470672928001618e-282,-0.09957010111281606,-20.408113824878374,1.416463018928744e-92,0.019057033163183676,2.39007159394568,0.016845088728366334,0.14929165990565377,16.24873162361639,2.280334704135211e-59,0.12602768755252197,18.986504137969174,2.2052986355787943e-80,0.10719343680243834,16.537951346680693,1.9556071406576492e-61,0.005193962635328068,1.0820821851885523,0.27921601096902093,0.012098524347980878,1.7685412375685847,0.07697046457778936,0.04146379942254798,10.24196720747915,1.2859466413962863e-24,-0.004294098844151155,-1.0923302459929574,0.27468797056459504,0.013460585509967586,3.033657130310771,0.0024160885319146662,0.014286839359370515,2.938922985611607,0.003293549024308079,0.0011614822710029234,0.12701996986757844,0.8989245929009079
93,23740.61151857079,0.7564797100764931,0.03346843370945955,-1.5041747424705592,-38.16370852859999,0.0,-0.09963499463528329,-20.19741590328889,1.031558987606375e-90,0.020170415476941747,2.4990718668718976,0.012451905617378974,0.15760192624145225,16.728053794426597,8.187005522475754e-63,0.15683285026711807,22.050589414356462,9.428777234290111e-108,0.10478469245375502,15.529980162595498,2.17447060089305e-54,0.005137606140047399,1.055409289084066,0.29123817633512783,-0.009927118251909494,-1.416713487988538,0.15656671193690938,0.03633274375531663,8.837536936341133,9.785189546638512e-19,-0.004087122795106368,-1.1066828876228396,0.2684310564776915,-0.0008026555743254823,-0.17389845514904922,0.8619452667440199,0.010456514737266692,2.085702713616614,0.037005560488629595,-0.004913562213092564,-0.5326868815336747,0.5942503486379216
94,23176.16088155909,0.7600439777263962,0.043275494600201775,-1.4592512539356461,-37.79557203173829,0.0,-0.09917075847839835,-20.271071554307714,2.3155965712578755e-91,0.04017699026777532,5.082358396550083,3.7277719565374693e-07,0.15266769445138526,16.75090225664751,5.577393215966198e-63,0.12571816271754915,18.697313434601057,5.206255553986368e-78,0.10851821429244451,16.795144023474542,2.6486076155990983e-63,0.0011621759997785773,0.24395038758999643,0.8072692441272094,0.016129239958493947,2.3728282451589453,0.017652470336313876,0.04201719422979382,10.44678116134197,1.515827946453409e-25,-0.00279918655301718,-0.6352116015087145,0.5252904177440986,0.01028033653894031,2.2894648759933354,0.022052356437504812,0.013856172826036323,2.8238512098129194,0.004745040712109998,-0.03570197641696171,-3.929797317036047,8.50174945317212e-05
95,23660.456701660878,0.7518260585979043,0.03950948965496642,-1.424349617704399,-36.26806300391562,5.159409078316211e-288,-0.09555087585822969,-19.30278334603642,5.089265541097869e-83,0.036807068551530174,4.502776729921894,6.7071335677963135e-06,0.13198011606411414,14.283077451856565,2.7900334689609514e-46,0.1315960241066887,19.68894286771115,2.6822892556073667e-86,0.10770824913648291,16.38854455038738,2.309073150689695e-60,0.01015443417440722,2.0813231611459906,0.037404336570017856,0.005125359889300563,0.7424937418564057,0.4577882420851481,0.0397860599922794,9.671909217165577,3.9690339899497224e-22,-0.002950149226235867,-0.6890488992134288,0.49079249595246544,0.010946542767455637,2.4242716498257404,0.015339126647664287,0.012058748436953703,2.4138314618395857,0.015785762374971028,-0.0079097266890081,-0.8628409942531295,0.38822489647850256
96,23406.098698987596,0.7574137106787631,0.038932207357816995,-1.3718189902858904,-35.23742992085639,5.3452462407375425e-272,-0.0886270279005353,-18.094140481823025,3.544301081648235e-73,0.026208631154661773,3.317360014522,0.0009087243997236649,0.11222562513622383,12.275698127402178,1.223320197985216e-34,0.1830317615175852,24.72680794437667,5.50779151882826e-135,0.1018175290027794,15.52965414377364,2.185553398748744e-54,0.004096523694447386,0.8479595620956121,0.39646049157800867,0.0016688067619654787,0.24421199337815797,0.8070666388626969,0.04369624806632251,10.791229788597215,3.78687786272571e-27,-0.0035577528517764124,-1.0471948311641688,0.29500972873970677,0.015513863070060047,3.443123987021532,0.0005750356162928848,0.01922049263238136,3.909887521084307,9.233910819289693e-05,0.012635818948534914,1.403990753754681,0.16032160293409636
97,23134.678202019146,0.7575029215645809,0.04015711868980347,-1.4751219738548829,-38.328906158781095,0.0,-0.0967345123813659,-19.949367790440377,1.517955925998963e-88,0.03339121456820936,4.151198276229714,3.307390769900674e-05,0.15017462088840067,16.334846677861027,5.577230413023834e-60,0.13671889649562663,20.359220536310193,3.846542512114035e-92,0.11258932013526518,17.34113916297508,2.3013048183950327e-67,0.0017134652189505885,0.3561845915473438,0.7217023304323216,0.009245499988080903,1.3465483697969927,0.17812573208890614,0.04402512278749172,10.953090570012211,6.4218396106256235e-28,-0.003655314437645191,-1.0158944168451545,0.3096796678434879,0.015811226449624932,3.445217860570548,0.000570599297384728,0.010279736563920977,2.11098280766527,0.03477378962592827,-0.014566116270127685,-1.5921476568252355,0.11135153109913268
98,23409.322086037097,0.7550126563509841,0.03868890350709143,-1.428911206910209,-36.63802995933711,7.097736877670282e-294,-0.09131030016261592,-18.60286058639655,3.046110131879105e-77,0.02855703545990501,3.575522939203163,0.0003495285246848432,0.14559463733519656,15.838676456050647,1.683265784813409e-56,0.13606666214459406,20.2819733530512,1.8553655032835336e-91,0.11305757556805429,17.338187440545767,2.4225658886778526e-67,0.0042566218858730576,0.8938182939337406,0.3714191194970675,0.005190743820583115,0.7541234907574587,0.45077507320266774,0.044177604624310425,10.784410711053008,4.078488950655758e-27,-0.006675232169923407,-1.9197083431516515,0.05489474981127542,0.0182102195444854,4.054485583575481,5.024474889022011e-05,0.010574598521160633,2.1443011026446004,0.03200876852826534,-0.02058944822440235,-2.2593932267552463,0.023858935359814183
99,23039.427932053793,0.7571691885577153,0.04136427474867718,-1.50967230451886,-39.381275078399796,0.0,-0.09657417489491123,-19.79223232246491,3.4731270599459134e-87,0.02796518881303478,3.5162188370509373,0.0004377400200694812,0.14740006020787405,16.482980075476696,4.862766346269636e-61,0.12741729174494876,19.157954054981456,8.307512466459598e-82,0.11400619236382736,17.564277530214177,4.625454966811933e-69,0.00609185457756417,1.2658939035023928,0.2055510693623085,0.009152901636554673,1.3250927969963668,0.18514037488962842,0.03552973183523247,8.78892514786463,1.5099762577293055e-18,-0.005094182958407446,-1.3436682130522035,0.17905570063686704,0.011661440361046601,2.606269843898701,0.009153431737350878,0.007455831615778452,1.5109167251314364,0.13080966904199828,-0.011249649503956224,-1.2428357073392837,0.2139283814159888
