Iteration,AIC,R^2,Moran's I,Age Coefficient,Age Z-Stat,Age Probability,Bedrooms Coefficient,Bedrooms Z-Stat,Bedrooms Probability,Building Square Feet Coefficient,Building Square Feet Z-Stat,Building Square Feet Probability,Estimate (Building) Coefficient,Estimate (Building) Z-Stat,Estimate (Building) Probability,Estimate (Land) Coefficient,Estimate (Land) Z-Stat,Estimate (Land) Probability,Fireplaces Coefficient,Fireplaces Z-Stat,Fireplaces Probability,Full Baths Coefficient,Full Baths Z-Stat,Full Baths Probability,Garage 1 Area Coefficient,Garage 1 Area Z-Stat,Garage 1 Area Probability,Garage 2 Area Coefficient,Garage 2 Area Z-Stat,Garage 2 Area Probability,Half Baths Coefficient,Half Baths Z-Stat,Half Baths Probability,Land Square Feet Coefficient,Land Square Feet Z-Stat,Land Square Feet Probability,Rooms Coefficient,Rooms Z-Stat,Rooms Probability,Sale Quarter Coefficient,Sale Quarter Z-Stat,Sale Quarter Probability
0,22547.15724943413,0.41035743485121007,-0.0034491304109312278,-1.718360729425644,-17.11127578928109,1.222913108432807e-65,-0.14310831987738715,-25.27724010138839,5.684878641702664e-141,0.024533683619478608,3.1281521285750555,0.0017590910706491087,0.1699014666582782,18.33954429616059,4.0013711824283554e-75,0.08876068776248369,11.42461556763011,3.150466850321725e-30,0.062005722473820954,6.118879519258261,9.423561696936768e-10,0.030087114958319117,6.159468573383708,7.2989462976096e-10,0.0223044118238179,3.281698466101898,0.0010318388196916138,0.030802726564101324,7.6599188254447546,1.86050641070708e-14,-0.001935981233884737,-0.5121308695999004,0.6085594211736793,0.01978220870185688,4.55603408227477,5.2128481762433455e-06,0.10129122423186505,11.038098658302086,2.5027294192515375e-28,-0.009364909186773351,-1.0527533824329456,0.2924540355910846
1,22742.16670865116,0.4243377524238998,-0.001833697112959789,-1.5504541014868365,-15.917909257266912,4.760192466238402e-57,-0.13153095336365606,-22.354865384465977,1.0827786730097693e-110,0.011772487924569142,1.4774165780811117,0.13956400498041321,0.1816930869247967,19.237004510708456,1.8139286666664393e-82,0.11359772749551916,13.833806224880426,1.593600925693199e-43,0.047985770115637746,4.674884835544397,2.941186206010796e-06,0.027637631196956225,5.628992021079417,1.812657821416533e-08,0.01758354461275169,2.5884518980296836,0.009640841092367907,0.030791231517532585,7.629505004930822,2.356567834708504e-14,-0.007278579038875528,-1.9532526285925527,0.05078966768962123,0.0227483553962744,5.146363534561543,2.6558450685420235e-07,0.10075755691376516,10.701133902341052,1.0054028714106668e-26,-0.006831157021783496,-0.7518410160203074,0.45214667284626986
2,22887.217112249004,0.3979626259563817,-0.0034193199549407,-1.6643251505646042,-15.89870146043299,6.469181846319997e-57,-0.14080590485256622,-24.867088756083007,1.6897385919901096e-136,0.02060524563712407,2.6063997590753893,0.009149960191957322,0.17377773900955273,18.373888294976094,2.1261951655747156e-75,0.09796847452560792,12.235237899055786,2.0151356429321387e-34,0.04002687526409934,3.880958430514916,0.00010404562553642361,0.031133577076449037,6.409223136113109,1.462629964319334e-10,0.02682439051348584,3.953457625705123,7.702991078125495e-05,0.03041695133197469,7.444195653199891,9.753685528472165e-14,-0.006178528443590996,-1.5578132544094094,0.1192775230852202,0.022048430007212884,4.922112270616631,8.561507141780214e-07,0.12188662472865273,12.91744222807145,3.5887394839791203e-38,-0.008989854733920555,-0.9905014550181713,0.32192907832531426
3,22678.74940908506,0.4603193474051671,-0.0039061918380234877,-1.5904996142074777,-16.63134337683009,4.1322451673683795e-62,-0.12377616626198232,-21.668429551828112,4.074156566709174e-104,0.018951134727108132,2.426227452763774,0.01525670502359636,0.17310567808898125,18.49740643204974,2.1665178956705036e-76,0.10731133887501099,13.01210633513787,1.0442354336907008e-38,0.08011454159294143,7.794179163953034,6.4828508960736175e-15,0.030534376131448493,6.295215181061442,3.069737211792106e-10,0.01972238021336109,2.8903457260141834,0.0038481835931612196,0.029220113995525817,7.310292617712236,2.665612536847216e-13,-0.0022235261214666752,-0.5541916701078398,0.5794476784808598,0.02196204156665882,4.9025188619870725,9.461552685534127e-07,0.08449190393881884,8.93012139457723,4.2554157531409756e-19,0.0012363760403296675,0.13807992108332018,0.8901772544126446
4,22472.30934435281,0.44512357257892177,-0.003494549027420076,-1.6522781179015844,-16.790296433522162,2.8740579639034105e-63,-0.12956914233853906,-22.46456324361706,9.22140373573612e-112,0.006646155793520014,0.8361142064617803,0.4030906569713347,0.16927187549408607,18.2416069125317,2.4126026959396505e-74,0.11781383992358352,14.180940065592692,1.2022515929997532e-45,0.05761801103390886,5.679690473028698,1.3493870798955114e-08,0.02369614997235084,4.891986572249045,9.982325655313356e-07,0.021748783165399938,3.2114356228049514,0.0013207355876591923,0.027821174375508757,6.954137560552119,3.547253531327716e-12,-0.0022374687231679815,-0.6057677207725818,0.5446690073135079,0.0242034941003553,5.519381830338821,3.401942712606417e-08,0.09960660472723645,10.77424599313156,4.554987585929786e-27,0.012345293405312874,1.3805536009748618,0.16741625808888383
5,22613.71559447455,0.427880489761359,-0.0031041869234422906,-1.5962799503289928,-15.975214761263578,1.901981908054227e-57,-0.12498202123401626,-21.772964493793232,4.186581499919295e-105,0.023075657320805687,2.9330575788300983,0.003356416391079651,0.19509754922642664,21.16276663396547,2.1050162917096963e-99,0.1014600357164922,12.836684697870105,1.0215629484487657e-37,0.06164489242384337,6.052466813766389,1.4264439145476522e-09,0.0365373174064027,7.594330008426058,3.0938900523778765e-14,0.014573078807829348,2.1652856899843296,0.030365813559385783,0.02932557450301786,7.296659040682286,2.9500109852069565e-13,-0.0043153414903547675,-0.9393467820560015,0.34755272684634664,0.013436818090922856,3.0144518846708013,0.002574440422923593,0.09414516101842571,10.155470663135208,3.132948245605025e-24,-0.017582173027980152,-1.9962277843011575,0.04590913448014442
6,22732.50756365769,0.4161434188186758,-0.002815842365996583,-1.6999601379314415,-16.74573108318908,6.083842867460681e-63,-0.13917160636644577,-24.56504121389095,2.987468579731157e-133,0.012984893436010586,1.6582534322491358,0.09726632401366339,0.17460839039352538,18.808678912642634,6.411571121327994e-79,0.08614687562267592,10.680133949475522,1.2608959106340175e-26,0.0716861720726022,6.837137531683651,8.079117295399133e-12,0.036277771768591704,7.552119854150304,4.2823011928071544e-14,0.004897178535151536,0.720824048122881,0.4710177775940857,0.03234895160259647,7.991882405380247,1.3289377172257987e-15,-0.003913036466526698,-1.1014532004432391,0.2706994621495784,0.02034940682902564,4.643150032106821,3.4313698753735004e-06,0.09372451603956106,9.627390629518809,6.126544380068742e-22,0.009676231792562773,1.0855771286566278,0.27766612311802474
7,23058.81840304347,0.41968143062504715,-0.003799619101854888,-1.637826413390169,-16.603984585234198,6.521436957241216e-62,-0.14742736087799427,-25.85467920400662,2.1554875433918796e-147,0.011517961143657218,1.4367631274159485,0.15078531080974422,0.1707612711326919,18.300219257895684,8.241654581152905e-75,0.08492713248521272,10.62498154107255,2.280572822204169e-26,0.08128885049439737,7.6996045881677535,1.3648791868178093e-14,0.02574999561325811,5.2646452738900305,1.4046029455730817e-07,0.019135855066965746,2.796397428731543,0.005167581109444472,0.025107399122226842,6.186913719445991,6.135352311631229e-10,-0.0012055335163515465,-0.2794501111587444,0.7798994189861108,0.024863444970690644,5.581488005845218,2.384695021052766e-08,0.08855286483736716,9.164067022948943,4.9977404649605796e-20,-7.413067100420223e-05,-0.008215920275806447,0.993444717807625
8,22703.366430351445,0.4555003519379826,-0.003050233098199546,-1.549757196138504,-16.548740508561615,1.6348717675420988e-61,-0.12337515203489932,-21.497973856663105,1.6263484912824167e-102,0.005701070205152536,0.7182664222287586,0.47259302963629624,0.19038567617764857,20.2559046521188,3.15108417691393e-91,0.1138224209573625,13.463545704005373,2.5631517510690037e-41,0.068804159388351,6.84114781485798,7.856114113653589e-12,0.034248985532799425,7.039524402304153,1.928971000392258e-12,0.020208783149611498,2.963380862035495,0.003042798245547968,0.028031954124001564,7.043285728127484,1.8775864648337046e-12,-0.007069519197844003,-1.8056438622587017,0.07097398665829444,0.02230225590746685,5.029060720275646,4.928883028490314e-07,0.08879274476091677,9.635352030671502,5.669732718542122e-22,-0.010465385229910362,-1.1567473715444054,0.2473755893811932
9,22245.44207817509,0.44150433729668825,-0.003410506185142322,-1.5896916674614643,-15.459544763731559,6.505667160984443e-54,-0.11826963046916784,-20.796311001727055,4.67405650093249e-96,0.015818217464294904,2.0517092801475765,0.04019792432687385,0.17381684325214053,18.61729918174512,2.326559498072538e-77,0.11555980211395722,13.877211237522657,8.706604498064608e-44,0.05230770453728245,5.1304914718676935,2.889866531267143e-07,0.03052136479846937,6.320244762546815,2.611493342421405e-10,0.030177896330879805,4.503440981749254,6.686194201698989e-06,0.02961702578296623,7.388763368222659,1.4820064116813124e-13,-0.0031125509524516873,-0.849893630699476,0.39538422703459575,0.019826941914247276,4.603330240168052,4.157881299698644e-06,0.10110904897209977,10.906740247096172,1.0702552071018122e-27,-0.014352313229824665,-1.6060287531319744,0.10826759251482802
10,22744.762054085524,0.45076076482902966,-0.003120500879327018,-1.592462492304745,-16.971640578407012,1.331594020360699e-64,-0.13468761349642022,-23.38061157767372,6.731364622340009e-121,0.019660084244970455,2.4822749406089355,0.013054650484920353,0.1815048658532823,19.234679949928605,1.8971070343291974e-82,0.11521526324181453,13.799760115175987,2.5570208592450297e-43,0.07038600565714564,6.644695895017604,3.038437519217502e-11,0.03067621329072409,6.2845132932237915,3.288823944579949e-10,0.017710936181073528,2.5914820743256968,0.009556352002108425,0.031065922789103737,7.599057748868243,2.98294653704983e-14,0.0029202524237806234,0.7811033654933417,0.43474170266158474,0.016846554402792424,3.7741355458100525,0.00016056344860637453,0.09290627623887827,9.65207532155967,4.817083523030399e-22,-0.008601909867566482,-0.954536989090997,0.3398118951740873
11,23060.084150060553,0.44180844065416086,-0.0017186059432195025,-1.5645572015800295,-16.713784639925,1.0401904953983642e-62,-0.1347240739806841,-23.055032708315583,1.3094946178072712e-117,0.004681921598466088,0.5867365001380483,0.5573806898281116,0.16217767994316623,17.157667564117606,5.508172906138751e-66,0.12214358874565767,14.196258579919098,9.663576235179558e-46,0.060298577750377225,5.850800163606455,4.892137225298778e-09,0.037708436899541925,7.65131039658824,1.9894148148947865e-14,0.01675834436972229,2.4302782264087726,0.015087236156694436,0.022402855455088744,5.535143949007536,3.10972846574233e-08,-0.0007115584523711086,-0.18649492538013968,0.8520566580124258,0.01653880159620747,3.6904993327937796,0.0002238142759443783,0.10281924824764459,10.776908371587043,4.425092352494136e-27,0.008068906364860684,0.8753004518577367,0.3814104483351767
12,22470.338210668222,0.4238094337609295,-0.0021388849938063677,-1.7064812428127518,-16.611861837829256,5.719028848392382e-62,-0.13275472579614475,-23.297734605731097,4.673979527351451e-120,0.009121320902487018,1.166008684628898,0.24361093419812596,0.16295525561638247,17.540200373172958,7.067775068745213e-69,0.1204509487309518,14.962149907614249,1.2976521004002063e-50,0.05446723299421269,5.299952859660772,1.1583258423029537e-07,0.023374245026351104,4.86475064151598,1.1460119757765946e-06,0.013808887975582967,2.0422398155267394,0.041127748788135604,0.026238367674649613,6.564034581008309,5.2371047848761987e-11,-0.00046588783596696395,-0.13281555498713604,0.8943392522472424,0.017329807782446437,3.8975043911097207,9.718906064394072e-05,0.11833318066039451,12.7339493162417,3.829668334897104e-37,0.004477314751829331,0.5009720102855331,0.616390821611543
13,22729.744889163052,0.41019223730191984,-0.002656362946696803,-1.5610077720674076,-15.557093277835659,1.4242157997540973e-54,-0.13394402744880252,-23.288859698978097,5.7495196455985955e-120,0.00718016157421647,0.9049755456322077,0.36547834263545886,0.16987037486259404,18.14124312310694,1.5058622156298608e-73,0.0964233691841625,12.097316528457085,1.0912013870234584e-33,0.05855524043138338,5.655165330728045,1.5569632709297666e-08,0.02560692899038905,5.245541753633265,1.5582376425695705e-07,0.023196589039753468,3.4068680064987054,0.0006571289731247981,0.031681878419534605,7.827970505337715,4.95808211129172e-15,-0.001608519560772753,-0.4243303988137712,0.6713248725429616,0.01919358835018161,4.334994726812404,1.4576361650551129e-05,0.10216669889140857,10.953647418944726,6.382470349725114e-28,0.008601641973901564,0.9502632955345246,0.3419784841188669
14,22241.377450989727,0.37618757384541646,-0.0037307432701257854,-1.6440448870256659,-15.195555163861545,3.7844375739446456e-52,-0.14742481771017213,-26.179061701392207,4.6020789595194746e-151,0.02252358862996956,2.9287033298913405,0.0034037912620271584,0.18845703445314577,20.366287086724746,3.3298754155321785e-92,0.06862838481096817,8.97726102014828,2.775907743532961e-19,0.054986670077860636,5.5412255244392306,3.003620851594318e-08,0.029943777255059284,6.228061049275935,4.722430612432864e-10,0.018097791727469947,2.702607525058742,0.006879792827338081,0.023061492187093635,5.820615576666711,5.86312827272017e-09,-0.0005988232768583938,-0.19119529525405946,0.8483725894688189,0.024571274228493152,5.5416071931995745,2.99708018049575e-08,0.11823154396062953,12.836982128974359,1.0176466811254352e-37,-0.007345216470597049,-0.8287944581162539,0.4072207246859586
15,22500.749631567716,0.42826387247535397,-0.0009165821853674045,-1.6132397958036575,-15.309729911353097,6.583675472977965e-53,-0.12937855980700821,-22.503175618270028,3.863838331369506e-112,0.015190871306121179,1.9356542091446713,0.05291006626225533,0.1879771555920644,20.34996071361002,4.6464679569952844e-92,0.1069774454653658,13.000250889353172,1.2194257767669296e-38,0.05675866020934178,5.5701925936473184,2.5445790071679555e-08,0.03613957726804562,7.482593721027155,7.286989173801849e-14,0.010604682132631382,1.5493432108179481,0.12129923748804065,0.029774699458104754,7.434187819535912,1.0521238905337146e-13,-2.237347780626245e-05,-0.006325007794188045,0.9949534075828456,0.015195206051201296,3.420829994746647,0.0006243034461194147,0.10553462661632564,11.193217003503872,4.401681620412173e-29,-0.012209301617056023,-1.3678159964769556,0.17136967926640334
16,22830.85577910729,0.394894030368267,0.000640101505953156,-1.6883535164625585,-15.46678959498109,5.813489242654171e-54,-0.13007260518827152,-22.903498827651436,4.287754429793026e-116,0.01006131679979591,1.2753723815511266,0.2021774693866406,0.17326298320967304,18.769868460603718,1.332149074317715e-78,0.08709507897210989,11.072423868500696,1.707195057234826e-28,0.042488452803176965,4.158903885574879,3.197784107830139e-05,0.03903575828422218,8.003156315661629,1.2126983333657416e-15,0.02836727714741158,4.187709576556908,2.8178377659602938e-05,0.03214969704477939,7.920025289613478,2.3746227774193605e-15,-0.005964700039675117,-1.561093700535541,0.11850164420842726,0.02565247355575536,5.8464053545270955,5.0230914955699366e-09,0.11973472525460296,12.685304147325477,7.133639752731854e-37,-0.0008869743481074721,-0.09803747215686667,0.9219025381961912
17,22183.42578562969,0.45758955004716584,-0.0033917295888532878,-1.6178343320375241,-16.4564622840074,7.537922022229683e-61,-0.13571818756735396,-24.01939347926932,1.744200831713251e-127,0.020532258330062392,2.6746733214653355,0.007480209962302478,0.16087224177793602,17.61510927585123,1.8862456793896592e-69,0.11766364749662983,14.375458012226268,7.378034072917045e-47,0.07367167980912115,7.122431340008709,1.0603958240519743e-12,0.02856183014547256,6.0702864439592465,1.2768230304183381e-09,0.014289810132497499,2.1538173873590596,0.03125449560319546,0.02964717181872062,7.469690415399629,8.038371146403852e-14,-0.004416318621376817,-1.1235817212767036,0.2611905140714045,0.022136544531740097,5.153984812938639,2.5500860409102266e-07,0.08813354542898853,9.220377129923925,2.960570918342301e-20,0.00448920669759012,0.513081920931085,0.6078940174242393
18,22597.311010796333,0.47153806482043825,-0.0052251852554984195,-1.5302877619163917,-16.055507254026207,5.230951336195844e-58,-0.14172529716457538,-24.833552617047992,3.893477967380402e-136,0.003103055905312402,0.3964024618617399,0.6918081502244721,0.19893216248210943,21.657145884513902,5.204991758902718e-104,0.09503184224118588,11.92922089022857,8.334991884393704e-33,0.10440127045214428,10.218396691186655,1.6403141175426806e-24,0.02788808051226027,5.790465061509615,7.0191798669644355e-09,0.009965068745135336,1.4722081731911463,0.1409646709969793,0.0320340815192981,8.003187922709879,1.21238696296526e-15,-0.008248422094963272,-2.3008364459147224,0.021400877532852983,0.01608653382491971,3.6639644035316397,0.0002483413138418985,0.06235581533149882,6.671751780461967,2.527678365456372e-11,0.0012864915554229306,0.1435725763341193,0.885837997175675
19,22742.38956390358,0.43526093106453545,-0.0035532427167419165,-1.6491427292475116,-16.459524410066155,7.16612736256651e-61,-0.14286031664738238,-24.744373348082792,3.5642914048341476e-135,0.01244631679198499,1.5697603946344647,0.11647086476623225,0.1763955530463328,18.902311764613,1.0916303026885949e-79,0.10786682903761258,12.815331902645726,1.34561349543003e-37,0.07176586269098024,7.014202320901458,2.3126454159545207e-12,0.03134426970723675,6.421388568878635,1.3503684443979156e-10,0.016051603980709678,2.3671506079951747,0.017925636519684842,0.03379543769594459,8.414861229158058,3.933602974674701e-17,-0.007198097510581213,-2.039500056198313,0.041400145621407806,0.018617711531053266,4.1720520578574565,3.0186864412272506e-05,0.11125192097308909,11.717254740320264,1.0398735768967546e-31,-0.01227418842691086,-1.376864000898864,0.16855429896136476
20,22418.747833060752,0.4427475577642031,-0.0032059163988897507,-1.5650983153804983,-16.29124314752155,1.1389044273086975e-59,-0.138959941882976,-24.2430379538452,7.830311878962044e-130,0.010921683131193405,1.403841402252403,0.16036608210787306,0.16611557796589682,18.036162004816585,1.0134252058006144e-72,0.10510587101123242,13.012142235002582,1.0437449036549239e-38,0.08008519126216536,7.738718078039773,1.00424181493441e-14,0.03327389336311484,6.883669283737883,5.833020631726844e-12,0.015445378468145005,2.298075582980707,0.02155748768264817,0.027127843229639872,6.729786356408004,1.699123824497215e-11,0.004069462865887738,1.0380183690884306,0.2992615032470508,0.017734009914972003,4.034156486401723,5.479879112705711e-05,0.08462318196419777,9.052598213194644,1.3960619476063453e-19,0.008679051897222179,0.9836893977748334,0.32526825433691975
21,22909.377054228473,0.42785022167824344,-0.00413672748106017,-1.6312437068721337,-16.870027933862474,7.476101121082448e-64,-0.14136186149734256,-24.18778825572234,2.990933028241957e-129,0.0166569585243731,2.108288246306781,0.03500606401207826,0.17095799986542237,18.32081523075051,5.646071545018883e-75,0.10721418374143837,13.341081504252355,1.33508472208824e-40,0.06522527203839122,6.234397106841738,4.535212992856351e-10,0.02336155112897717,4.7837876329375755,1.7202243278324878e-06,0.017803971511775457,2.6103766220825206,0.009044258955162468,0.025347398849333704,6.293693714283984,3.0999921603600663e-10,-0.0030725377052023654,-0.6739590320496847,0.5003373599491587,0.01761563141422378,3.99730248720932,6.40684096259327e-05,0.10542056207538889,10.983096519543158,4.60850960442362e-28,-0.004251181793111347,-0.47386924341088216,0.6355931530357068
22,22385.630945892943,0.42341541715762426,-0.0031897775248613293,-1.619260282588872,-15.86976029615593,1.026320967154921e-56,-0.12763683433087067,-22.18913235005484,4.373497757852383e-109,0.007611580890124536,0.9797848298346129,0.3271923419314595,0.17723977912240974,19.16656206939408,7.041100121864709e-82,0.11236999369764689,14.018899648622867,1.194523703011551e-44,0.04952302141239086,4.86984886527301,1.116836381993782e-06,0.025820646076719633,5.421981932066564,5.894184108779077e-08,0.023864640909942697,3.5466849387807056,0.0003901108241497829,0.020657021892767687,5.185639108939033,2.1527532771118066e-07,-0.003617235353056296,-1.0201393547126119,0.3076623745325523,0.024258579855848346,5.499351005231669,3.8119165066355656e-08,0.10574648232861528,11.509019327548419,1.1882187547402383e-30,-0.0049400644987027675,-0.5535506332340858,0.5798864193615368
23,22832.08524358191,0.41787287432315556,-0.001954814674268669,-1.6942243243293946,-16.339207450034383,5.19234432955553e-60,-0.13930332261824685,-24.24963671795815,6.67076964830862e-130,0.02106523490308529,2.662482889449288,0.007756651305782701,0.18105229116829036,19.539460631435045,5.0715288542294586e-85,0.08545524047873942,10.459638462515215,1.3235973343054565e-25,0.06779590932238191,6.60457493245586,3.9865953030255285e-11,0.031038058815555547,6.440646650462887,1.1896554404823098e-10,0.01423401416280809,2.09307389449128,0.03634255867631384,0.028127268271721052,6.913753688946137,4.7199442544334355e-12,-0.00409023220781036,-1.188447565657564,0.2346571261042626,0.020271978936273367,4.534272803802907,5.780228200979083e-06,0.09287951098121025,9.782974923544034,1.3323564193482208e-22,-0.006704812338862498,-0.7466792736475686,0.45525718368567714
24,22694.220700355985,0.443022310881289,-0.0029587813397601317,-1.5933092555813413,-16.114093410835384,2.0312102952703322e-58,-0.1377272364072603,-23.747017473979295,1.1795326212629149e-124,0.028909644386073075,3.695159932896706,0.00021974842021616208,0.19720563111397948,21.38722415656461,1.7570852916426352e-101,0.09036998424157716,11.448477807012859,2.3931088446258708e-30,0.08175037844285418,7.7996879747387275,6.2060432421510134e-15,0.0316977844553164,6.490500498567148,8.555168285387242e-11,0.011673848070845594,1.7116822651689854,0.08695523864643151,0.026859493690128414,6.642314703841328,3.0879475052001086e-11,-0.003693173881215117,-1.0340868280428246,0.3010955734903832,0.027976899642288985,6.3682020764763925,1.9125683283230063e-10,0.08212900627142093,8.585775621334626,9.022561335566203e-18,-0.022683678442588118,-2.539884518537714,0.011088907626219377
25,22286.83550844509,0.4557337186270735,-0.0036096023863188744,-1.5721302377672535,-16.02909468794245,8.004031685928618e-58,-0.13183925295968613,-23.16694111370674,9.812661160104042e-119,0.005395859653524904,0.703118431475639,0.48198194664766225,0.17303159367910426,18.9774350068678,2.6208221497088306e-80,0.10199182045579708,13.386054124569654,7.295491395652621e-41,0.07671083902566331,7.65607127913028,1.9170734810098892e-14,0.03562459499992987,7.493413541395866,6.710504336156904e-14,0.028466539957128834,4.225402629653018,2.3851394058850084e-05,0.04015939138801667,10.119205156548569,4.540881476613754e-24,-0.005652193670405314,-1.864748994219348,0.06221659576506971,0.01800925644415894,4.158866239539087,3.198311107166443e-05,0.08625655394831001,9.458497143561045,3.1240073536688983e-21,0.00030702947814031933,0.035289684644792936,0.9718487486699274
26,22442.210093095167,0.42176575824715423,-0.00256645014379541,-1.6283113893756078,-16.078235188155134,3.6256099633796606e-58,-0.14239945583187635,-25.046088787136036,1.92584382356592e-138,0.005681608653384962,0.7287962375823335,0.46612631339201294,0.15720446384679565,17.240218374944885,1.325352460791323e-66,0.09720469500294249,12.421043000147924,2.0092478311974424e-35,0.06786543891786469,6.551502401355941,5.6961071877174266e-11,0.03657280792810763,7.629274872830282,2.360778004052029e-14,0.020641388289182105,3.0451626595524437,0.0023255449925570775,0.030087040992716862,7.4955647763361695,6.60134934834368e-14,-0.003487917931579608,-0.8104572748043175,0.41767741130608604,0.01897207545103162,4.293271209917,1.7605972722383654e-05,0.10226562612618556,10.761791256303177,5.2146561105776985e-27,0.010139401479922538,1.1584023954490874,0.2466998620676506
27,22165.3411809161,0.44331977872780165,-0.002296950209815158,-1.5777816703361656,-16.005615790066265,1.1675234093296886e-57,-0.14444916418632547,-25.468023539231908,4.458471191406922e-143,0.023352525698540183,3.025656764136449,0.002480937593612298,0.1809660679137287,19.746075930350393,8.669847133497526e-87,0.08953411513819359,11.398469346712576,4.2553484825387055e-30,0.08933176766260435,8.765121089174317,1.8657601511119293e-18,0.030856064822273904,6.490688754825345,8.544483890467802e-11,0.004920925017872724,0.7401069210106321,0.4592351195185681,0.028505150739759687,7.15513710398621,8.35893358637031e-13,0.0005693861900706206,0.15343846424741622,0.8780525139229578,0.022740416496182192,5.258904865753887,1.4491583210154202e-07,0.09095273370638973,9.80917017068647,1.0281052558442681e-22,-0.0030954180629482186,-0.347527660359422,0.7281949419327682
28,22445.245826634342,0.3834290261028798,-0.0010010121424846568,-1.5887765956714877,-14.702662756623484,6.1973997690964866e-49,-0.1382887350333674,-24.0688053648444,5.305633994691482e-128,0.015116267611407747,1.9466629988518798,0.05157515037986824,0.1780025831040899,19.237034600256294,1.8128761878259283e-82,0.08400013426512964,10.280139297203965,8.660234556163057e-25,0.052801532090302056,5.114842940975866,3.1400211530544715e-07,0.03512980499149124,7.279375740495929,3.353684085161321e-13,0.017123140784858465,2.537208104858625,0.011174050829369873,0.02292407142215052,5.77781385805258,7.567746426368877e-09,-3.438305399679816e-05,-0.009286135779790941,0.9925908421167482,0.024475077643176517,5.55742294494854,2.7378678422350675e-08,0.12125299797855538,12.974139872127969,1.715108447745563e-38,-0.0033937406217137145,-0.3776557852825698,0.7056863176146272
29,22880.90300286938,0.4036768047047486,-0.0029624952693852956,-1.6122340216534818,-15.18191313176478,4.659895514404987e-52,-0.13859357513100207,-23.926026647245227,1.6418910481766688e-126,0.014475031598595811,1.8466220720997786,0.06480193296838062,0.17729831092418658,19.398456199468423,7.9523818415257245e-84,0.07604320291060856,9.563867014305492,1.1343710209892299e-21,0.06538922039875082,6.318956665144744,2.633351013203704e-10,0.032125250110812686,6.641604634545434,3.1028635689855805e-11,0.021382464553280467,3.1370117669369924,0.0017067927705960507,0.03481367538347941,8.628843619461904,6.197535840522563e-18,-0.004972992644390715,-1.4653056455696034,0.1428375469304131,0.027069758433123155,6.128277951742786,8.883529611100327e-10,0.10331364788825878,10.899800596997581,1.1551014826168264e-27,-0.00010718933525899477,-0.01186622381142306,0.9905323454121177
30,22902.65685834024,0.4265764681610037,-0.0032040550085066736,-1.6113864588511895,-16.122058160221947,1.7856187049212377e-58,-0.13837256893204475,-23.863168947685832,7.392231084753528e-126,0.008848343379730866,1.1067340819503368,0.26840891537908207,0.17281662961436495,18.53051975306424,1.171499024666137e-76,0.09659249051825841,11.616925316648118,3.3808563030558406e-31,0.07131350561828527,6.874156828410671,6.235757736770282e-12,0.03680410082022051,7.642366799131352,2.1326458748624237e-14,0.007830264744622811,1.1476103510382833,0.25112945473725545,0.02533153769473551,6.216606760769715,5.080207776670514e-10,-0.004084036209150489,-0.9441620789499529,0.34508683008764907,0.014636899780552062,3.329994438395755,0.0008684771875934076,0.09591278355830152,10.176917641220227,2.5139863764276794e-24,0.016198896547794217,1.7994564930944659,0.07194650012711892
31,22759.574428498938,0.43712573156261975,-0.003801389403730297,-1.6017569792111979,-15.78516446296672,3.936220278060807e-56,-0.1321255157050774,-23.04784462990629,1.5459637285667769e-117,0.016454028147644795,2.0724748859261175,0.038221175974434106,0.1736503635767045,18.7153961614279,3.708538172105616e-78,0.09710186774314883,12.065521441606444,1.6064164593746456e-33,0.06760006055123137,6.534288616885404,6.391259149094895e-11,0.02954368734722912,6.061635970990227,1.3474390767374414e-09,0.021843282400896502,3.1889081292305876,0.0014281125656497903,0.02054743769389865,5.03666694078229,4.7370797647319606e-07,-0.003163986248009418,-0.9254586111192344,0.3547274033160851,0.025525201906886515,5.635459443042435,1.745922314167009e-08,0.09625219389366488,10.174430302873606,2.579047040135633e-24,-0.010449959566936118,-1.1581073234889139,0.24682024174769523
32,22763.074569897257,0.43808555839970414,-0.0015980680765881675,-1.5782732173700635,-16.20045652394955,5.005410207331366e-59,-0.1299313401753795,-22.566174053640676,9.316734504276557e-113,0.01100585813209759,1.3770744665351216,0.1684892260141596,0.1852786536902833,19.966729676813294,1.0724970968764941e-88,0.09901577907113257,12.201257797207315,3.060593474791984e-34,0.07472079518986074,7.3276781930747825,2.3417419614958623e-13,0.02792331198255807,5.826274469769361,5.667837275859148e-09,0.015775289459346725,2.324441055863676,0.020101867287416947,0.0326022599925345,8.149709036197923,3.6480093321026656e-16,-0.0063872352808637956,-1.6379326858127485,0.10143573662461887,0.020848593171641568,4.786638213858996,1.6959815666719137e-06,0.08923224323776419,9.450703227117339,3.3656187080113077e-21,0.005180147505605581,0.5777333099197179,0.5634441865822594
33,22452.41211744944,0.42358940597632394,-0.0019467346605186945,-1.690443382955155,-16.296793025643602,1.040081283840725e-59,-0.12172855449709472,-21.129175072041495,4.289760592337011e-99,0.01170855153368111,1.4892583345510733,0.13641935489100981,0.1841599551034142,19.726136160683637,1.2863447533875232e-86,0.08473325279597843,10.20664782153085,1.8515122115283868e-24,0.07358184486819533,7.2327667814127485,4.732517285659358e-13,0.0315036081955086,6.536595233720125,6.29350699698939e-11,0.02979019478447073,4.413934031682641,1.0150890205931262e-05,0.024468586920346144,6.114816101341328,9.666837437296525e-10,-0.0019392151041092267,-0.4907730255177702,0.6235869904936548,0.02980404032634494,6.730531943016599,1.6904393175306443e-11,0.09646166874258372,10.462496656575356,1.2842630852518777e-25,-0.015653406994614483,-1.7580116726557689,0.0787455232349744
34,22968.53401571942,0.43948488226718346,-0.004554432476243273,-1.6722271447178132,-17.73729336918279,2.160963267137138e-70,-0.13126616035477698,-22.719287222211907,2.8885684074936226e-114,0.017844980970180502,2.240095349307765,0.025084733405188762,0.16680351262343907,17.510184224450605,1.1980571259644098e-68,0.11955421007000788,14.264998253077703,3.6160099730163094e-46,0.061372413171831064,6.0440311580482255,1.503104640809614e-09,0.033136251169469944,6.783854799344545,1.1701093424132709e-11,0.009863922353934601,1.4353981734593906,0.1511736662052319,0.03558912660501898,8.653395099453657,4.998959117043339e-18,-0.007830532802372222,-1.9676915933188768,0.04910353368940663,0.013901979375821105,3.105225044766324,0.001901343023477714,0.10206814252148444,10.854775940083492,1.8927040551663595e-27,0.0060852123811777625,0.6697082461990874,0.5030437939102166
35,22278.83714381072,0.43800339790397236,-0.005896684494964768,-1.5897112784298115,-17.519683505134086,1.0138784603720617e-68,-0.13678092260922117,-24.146956228027246,8.037129697094942e-129,0.0017328543787224482,0.22276351812921732,0.8237195628705806,0.17081567294242062,18.75255811799179,1.8449902818373623e-78,0.09646216487185133,12.051547867895147,1.90341590099045e-33,0.07304720145271303,7.332061372859963,2.2663925596923951e-13,0.03317478449959596,6.929880142628361,4.211973265685358e-12,0.021355773243216802,3.1664410128808567,0.0015431664020099812,0.030920707835591317,7.712886720101994,1.2300326036342203e-14,-0.004356885299749529,-1.274200159013971,0.20259248888201142,0.017317350238801432,3.9972495999329705,6.408272048795722e-05,0.09498945224460993,10.418682739734688,2.0375559526100334e-25,0.010166395759591662,1.1452154486081767,0.252119920424849
36,22970.059859655332,0.4008144097545263,-0.002171391617370171,-1.5965668998430975,-15.70094551240399,1.4900455681086065e-55,-0.13249560647252298,-22.88723258078108,6.226987065919588e-116,0.003370293227470067,0.42516755959628344,0.6707145308690052,0.1913366441666291,20.512017965006066,1.6817048186652862e-93,0.10023553406919827,12.370268262347299,3.7855497450760236e-35,0.045449871282502635,4.377731598797538,1.1992090204422609e-05,0.029783415000421087,6.054180516395168,1.411342756114702e-09,0.010439738403866278,1.5291658299711803,0.12622333914161835,0.025990307485713394,6.39916576096295,1.5622816693780956e-10,-0.004262593099648141,-1.2882976896986094,0.1976423570425797,0.012824236375972818,2.8673323736388268,0.004139480249265587,0.11728005136690735,12.322981442320648,6.812812388593107e-35,0.00045227927025115466,0.04998740875870651,0.9601324221333418
37,22746.478229745982,0.3808050892530671,-0.002112962579916319,-1.5846363383939572,-15.86888764851172,1.0406894443737213e-56,-0.13877989179494526,-24.058101327936765,6.867421228550973e-128,0.010113266042760916,1.2874339377498534,0.19794308171061115,0.18603506117217727,19.98824046733933,6.971091687069468e-89,0.08514930845977975,10.633938811040352,2.0717368590690025e-26,0.04692523077659491,4.634970149079994,3.5698899147679094e-06,0.029515474894962812,6.139495350475801,8.278404703718244e-10,0.024793847665725455,3.6800943915925903,0.00023314763527632144,0.033996237932255605,8.503782261815681,1.8351158575389897e-17,-0.00012933975807114667,-0.031946380407265045,0.9745148112815849,0.016330919812860993,3.6208605293483536,0.00029362477646864685,0.11072455333398337,11.78997174052204,4.3968854313631383e-32,-0.005281356276489735,-0.5835343059341429,0.5595336697872434
38,22789.883928355182,0.44089673214739067,-0.0028622649683462506,-1.5690563816730498,-15.64969010877112,3.3384117618522426e-55,-0.12585308924111166,-22.091718875757437,3.7967134736194394e-108,0.004618366154201192,0.5765981020558325,0.5642109816191054,0.18771659427864307,19.845623299118923,1.2022839642801866e-87,0.07734637326868532,10.276973686424906,8.949360939712168e-25,0.08873848294929686,8.61920361199876,6.74213750298646e-18,0.03791882668185001,7.770609340778178,7.810945381841304e-15,0.03219116332263336,4.724151766079955,2.310778067363785e-06,0.02118686692923049,5.241155565550941,1.595741113375061e-07,-0.006757129485865318,-1.685185597642863,0.09195276888726253,0.01694781491121236,3.8354886848437326,0.00012531487593577057,0.07936851707332433,8.51465104593059,1.6709269763686513e-17,0.0015926699612385242,0.17617405467587202,0.8601572033365856
39,22877.21181821535,0.42069075401511163,-0.001400921390529103,-1.5666210061929704,-14.834067973095092,8.82207086151012e-50,-0.13552388724371237,-23.57868716973517,6.377631898442098e-123,0.00984617743121402,1.2469253845442418,0.21242485801514466,0.18454950555570848,19.7913467125064,3.5346973654725566e-87,0.08664992503778385,10.720598249530266,8.147462546253369e-27,0.06353919223982188,6.1265709243705855,8.979319043634797e-10,0.02970965721684307,6.172492401049054,6.722176000743722e-10,0.015686880514630408,2.3065836988011283,0.02107803916555884,0.031477397192157565,7.759000631668384,8.560122413900782e-15,-0.0036336674113544836,-0.9706065579050633,0.331744239065749,0.024340082772215804,5.532687682498351,3.153607087623423e-08,0.10511807275240635,10.969136034946189,5.378384332694019e-28,-0.006603391148284399,-0.7407850559553139,0.4588237775909265
40,22388.382389907318,0.4287353243177544,-0.0037471970259627552,-1.664590696533017,-16.72569288799443,8.517977592946745e-63,-0.13922554053536101,-24.31499961579527,1.3605510802387608e-130,0.0010805312868224504,0.1384428049193531,0.8898904692676051,0.1836656876389502,20.100812136782434,7.259584984569647e-90,0.10170796954612754,12.868853526208648,6.73950768174904e-38,0.054846810181323535,5.439427729297819,5.3451986348306615e-08,0.03764971871398215,7.914568588217596,2.4811191182821435e-15,0.011184567340957324,1.6645779068432858,0.09599699613542478,0.026440117590660808,6.657750497894184,2.7805025585333493e-11,-0.0070228027560172955,-1.9225982762672678,0.054530520661657915,0.013081134861884884,2.996255193962781,0.0027331759616292545,0.10933082088340754,11.608247673468055,3.742057046197589e-31,0.009702771533802723,1.0827964151888128,0.2788987970811837
41,22663.988043395297,0.41270285972009385,-0.002354735858721106,-1.5442635100423812,-15.406706530968497,1.475420730166267e-53,-0.14841392780728938,-26.160872157374452,7.412894276067441e-151,0.03187745196189187,4.067729719312631,4.747339950938341e-05,0.18195505917187205,19.634502077057142,7.844597492529046e-86,0.07655822978682414,9.90498393574252,3.9603369580290445e-23,0.07413581241080955,7.29393191038035,3.010376191611282e-13,0.03556862781129838,7.353073600137237,1.9370020744397904e-13,0.01246558218934457,1.827453552967256,0.0676316036693406,0.015486926753145216,3.8612530453119787,0.00011280699590783538,-0.007328773139134936,-2.1493789915042645,0.03160436941023755,0.014308438710005603,3.2349406730469177,0.0012166800855881398,0.09588356381555874,10.377728892216098,3.1313568847649745e-25,-0.013397933113955318,-1.4858074134225374,0.1373300686947073
42,22883.20677943285,0.4177295324509528,-0.0005320883794800887,-1.5824503561176801,-14.843403066269984,7.6761041089269735e-50,-0.1342605933541031,-23.403715203982646,3.9170937977005415e-121,0.007978624239642906,1.0139901618326783,0.31058744676284145,0.17808265805196966,19.214611596661683,2.793165129846016e-82,0.08939320242840143,11.123636271772066,9.626671344912666e-29,0.06419667688342251,6.309901488403675,2.792131348305862e-10,0.0328939863312081,6.718971571996533,1.830116058931841e-11,0.02049560750005691,2.990945663097282,0.0027811497601417574,0.02947211319093913,7.378702473771861,1.598395724296166e-13,0.0009294143154977537,0.25292903571181274,0.8003230515539909,0.015364789692748348,3.4935835870227088,0.00047658376201139234,0.10708032501835385,11.367264608244156,6.086521008078125e-30,-0.0027879392265190983,-0.31083569736705535,0.7559255304150679
43,22915.40829929947,0.428573884655325,-0.0017200409770862877,-1.6174489879615526,-15.813502719751872,2.5110872455776903e-56,-0.14404042001906253,-25.076579884145406,8.9583756622806e-139,0.025596014001508016,3.218706757019353,0.0012877009905954773,0.19568342309923847,21.050553052069166,2.2602714695580052e-98,0.09959256109228493,12.32945559396764,6.287004145723127e-35,0.06031037111110507,5.93246563644059,2.9841886103889585e-09,0.023653257468574745,4.874740452825671,1.0895160508032658e-06,0.003983899078917441,0.5784065082449894,0.5629897009961021,0.031308722960343975,7.613386241081338,2.6700634011058068e-14,-0.003588836386268314,-0.929811836656622,0.35246851667303103,0.0115314214805768,2.6373673315203003,0.008355230083147376,0.09380958961301109,10.068680700465238,7.599054312873185e-24,-0.00630389936139053,-0.7004310409997332,0.4836581565661249
44,22689.747498702985,0.4106647915321152,-0.002123275467223191,-1.5992751343860832,-16.41925829153294,1.392585858647007e-60,-0.13428523245885982,-23.33145862398339,2.126139239025722e-120,0.02062408525850279,2.6417748159730285,0.008247286885882324,0.17904531256737855,19.170065498202284,6.582586888876252e-82,0.09044340864535733,11.296265224452306,1.3691791982983506e-29,0.060657716732020125,5.776951842168847,7.60660456745048e-09,0.02382137586369043,4.975466931838332,6.509054603010243e-07,0.02269324697847605,3.3361626854920883,0.0008494344024127154,0.02887198544772962,7.213222975572275,5.464282705322455e-13,-0.010102592114822555,-2.5841949301941245,0.009760661132544528,0.02339765034248071,5.375569516539013,7.634099009795155e-08,0.11064584390162091,11.724318533898847,9.566781324166045e-32,-0.014395108912747978,-1.6140736676903011,0.10651144824328714
45,22723.17278371456,0.4355460200108543,-0.0032302772621309182,-1.6487782666202366,-16.21864153291398,3.7233920181629547e-59,-0.1370747096788879,-23.853963108165452,9.211495656469087e-126,0.006375104236440721,0.8028304694214266,0.4220727284930399,0.17251682281197322,18.69500268390559,5.436774442475976e-78,0.10460238158655544,12.598670535457435,2.1473342754353648e-36,0.06493062488533176,6.374558779349554,1.8349043315641672e-10,0.033725829604540014,7.003789948556526,2.4912954001948805e-12,0.014446902177478627,2.1444582925617732,0.031996183835127416,0.026264425858365786,6.525135138970982,6.794024979497566e-11,-0.003319198515214239,-0.717290630807486,0.4731947870984968,0.015097797045646871,3.343526341570521,0.000827208403177123,0.09579081547355231,10.169192978785935,2.7215414334262477e-24,0.0175369736109503,1.9476814589502682,0.05145308998263038
46,22904.04118148473,0.3847161381483999,-0.001933420812420645,-1.6631242947526568,-15.819163782998737,2.2952079351463006e-56,-0.1429125754538991,-24.707993847274526,8.775449618704152e-135,0.011904860939765116,1.51819445490665,0.1289653849896542,0.1818574670974934,19.775231126669052,4.865928113367647e-87,0.07738258702566697,9.78349939033602,1.3254679839417676e-22,0.046633810323626984,4.483783615422019,7.333102525114912e-06,0.03135970176489114,6.436905992223393,1.2193339887008378e-10,0.009779468323882712,1.4393799265369727,0.15004290854349503,0.02936266446710154,7.14665392762751,8.89186716252152e-13,-0.004983128821773233,-1.1033004734584504,0.2698967010840494,0.022917172618006576,5.181907375789098,2.1962828077531776e-07,0.11236977785213947,11.72815384097653,9.14311031701932e-32,0.0051562564049440485,0.5713939756246073,0.5677326118626144
47,22417.429045483186,0.3981097455285883,-0.0026385311358824793,-1.644586056152451,-15.823015657898294,2.1589910964039106e-56,-0.13476018767710318,-23.70979194352154,2.857605459596058e-124,0.00679435192051675,0.8686395060397103,0.3850443389585293,0.18410791520301562,19.894645769883862,4.5279543203325916e-88,0.07954308523180215,10.242373548385256,1.2805560140590924e-24,0.051010584598484676,5.207696589828367,1.9119922481679227e-07,0.03530332754042062,7.457738036448363,8.802045056430845e-14,0.01953931400633893,2.925242236467358,0.0034418818579026412,0.03267715890342743,8.179859718356274,2.8417450702747194e-16,-0.003285077473491044,-0.7568754691643175,0.44912447321039295,0.020150157212851842,4.535487840945076,5.747048930899395e-06,0.10174039638505981,11.118603849627952,1.0185337177747464e-28,0.010510785034940962,1.1707103184135377,0.241715236245857
48,22497.68224315252,0.4200060813229458,-0.002166924405305341,-1.601888611672519,-16.010340422768046,1.0821611015935163e-57,-0.13932836027186685,-24.760140480643837,2.4110400696404213e-135,0.0046760864505425714,0.5959918568713367,0.5511806667102972,0.16157196453251998,17.601841042006033,2.38445488099456e-69,0.08212492741352284,10.799805963617203,3.449317234656742e-27,0.07210482472998593,7.147749010314447,8.821240847199824e-13,0.0341098692681121,7.122115185520292,1.062831726877785e-12,0.02361842163184763,3.5120254383606047,0.00044470543090163235,0.025900770303351126,6.470988115633961,9.736409323711603e-11,-0.00046182931444163806,-0.11715869978363927,0.9067342942622493,0.02435932249229053,5.655278478320733,1.555937894462193e-08,0.09839268372758117,10.68795661120426,1.1589622063429231e-26,0.01713068449326227,1.924954859723278,0.054235005751923956
49,22716.124979187432,0.42671090049230487,-0.0037382096991312704,-1.5751975701033136,-15.670501488629679,2.40672920919486e-55,-0.13255070556395393,-23.610704399226552,2.992197080930884e-123,0.010102886010751988,1.2875431398495663,0.19790504333364822,0.18761018994998813,20.327507761578193,7.343904522179478e-92,0.08116792618832147,10.310419013925063,6.322505625211223e-25,0.07402291891616775,7.289052559800152,3.1214227135794585e-13,0.0298036926748797,6.121344285509625,9.278916918570792e-10,0.03450999688544232,5.086460975877766,3.648067406163521e-07,0.0417044687698742,10.287330151022749,8.037405784758317e-25,-0.007397815802779798,-1.8081410963301616,0.0705845434504043,0.031043183000737863,6.9059193139476704,4.9879343897583435e-12,0.0853525722656316,9.279663101384678,1.7001528213298826e-20,-0.00592204329558027,-0.668718690584729,0.5036749424632807
50,22538.244481336424,0.4151827910862282,-0.0009641875035390246,-1.6552206068676518,-16.562073049046308,1.3100157815900533e-61,-0.14213924155871382,-24.522261224092638,8.551791782004242e-133,0.0072584554529707135,0.9260519156183421,0.35441900104743407,0.17309130631780367,18.67099264991736,8.525342754060554e-78,0.09316291054898035,12.144225619573117,6.156268617431645e-34,0.059726193687733964,5.943042174931939,2.7978041327084044e-09,0.03146948535699379,6.449931575548021,1.1190066172442066e-10,0.020523093990217095,3.052910203330273,0.0022663374490842136,0.02617925052925275,6.534928787229743,6.36398146425368e-11,-0.0019520603143672113,-0.5101434222909651,0.6099509861426248,0.02145599938901882,4.924075645531083,8.476004621012322e-07,0.10469829576103294,11.252545002636685,2.2500445523149788e-29,0.010914332084721812,1.2078310340979972,0.22711226159040476
51,23033.374575349022,0.4421981988573272,-0.0047658482618556245,-1.6225274777029592,-16.92056456110266,3.1737363685611034e-64,-0.13557287229590703,-23.376334395044058,7.440620003557845e-121,0.014362156526245562,1.7840635037044394,0.0744133468261146,0.17493575766273983,18.452162163134894,5.009991218130521e-76,0.08903781197224758,10.894490736383466,1.2244967190662078e-27,0.08020631854430833,7.553494137937702,4.237335927329734e-14,0.03567563529777373,7.42966748886342,1.0887101172348942e-13,0.018902026640126746,2.7484559622557625,0.005987667769561693,0.02727313924803553,6.706990154760718,1.9867966170205e-11,-0.006400122501110068,-1.7047551241770151,0.08824010421962973,0.01872346489912203,4.197182093371395,2.7025663270492816e-05,0.08845461710130095,9.140934714413989,6.191483885230737e-20,0.011146093897513976,1.2104962997247641,0.22608850978222295
52,23027.88251433995,0.4643577775611089,-0.004435530657249937,-1.5168558666203944,-16.439732379664964,9.935670817395225e-61,-0.13775013512810685,-23.517245427848746,2.71730265598085e-122,0.011380472168240757,1.4309176358267672,0.1524538220005662,0.16979849742697306,18.050741958806082,7.783803668183394e-73,0.11147039566607753,13.882707879118449,8.063895140760534e-44,0.09358589894397763,8.90678259143197,5.253493926618718e-19,0.029283199551364353,5.967448639715253,2.4099210960122187e-09,0.006802735662634285,0.9868157375637376,0.32373297821608704,0.02953030402715894,7.258521158600164,3.913451813861592e-13,0.0010127774607018823,0.294893836764135,0.7680749802515805,0.008175116394092442,1.8148400110791212,0.06954849963506773,0.07713164732213469,8.022305734672228,1.0377844642327816e-15,0.004379717472228262,0.486346137263781,0.6267217727153991
53,22731.598614699535,0.41082925918171836,-0.0036215988614677805,-1.7019297831249378,-16.60192915902507,6.748658963302209e-62,-0.12516273590218485,-21.739576286977886,8.669538986759409e-105,0.005014731917558968,0.6350842816429715,0.5253734479726608,0.1791851658780863,19.043947383943895,7.375379146913763e-81,0.11480419376589973,14.119437497985947,2.88283192775381e-45,0.03408859170803684,3.306076934503942,0.0009461210610357035,0.03690643411689834,7.590377237003591,3.1897546752398544e-14,0.01674929791092125,2.4476194302962386,0.014380345757186604,0.034668702927888,8.608239070247684,7.419140612136231e-18,0.00024355175869935383,0.060779987781575576,0.9515344282871457,0.021167044212602418,4.808438052458377,1.5211415076374275e-06,0.11619908384953395,12.210423941234158,2.7346053866725534e-34,0.005968278982014463,0.6619600289513048,0.507996838667002
54,22403.407897666464,0.4027582731383739,-0.003905962154703781,-1.6249035474712052,-15.807340637646133,2.769114604630744e-56,-0.13229206088992118,-23.47522621920865,7.30613839345905e-122,0.021972345943748084,2.8541860822958123,0.00431472501686537,0.171960201235149,18.62749725833068,1.9230902784298962e-77,0.08516525982123163,10.919234365796715,9.327878890806345e-28,0.055178250034259926,5.511607871242927,3.555704000389208e-08,0.03756096592844407,7.788168344307217,6.798755980712264e-15,0.016892996884331907,2.4900159796314707,0.01277373519714916,0.027618372811612092,6.888669060540498,5.631677927933517e-12,-0.0010579890277684616,-0.26993120383612623,0.7872131807264031,0.02332552927692847,5.302389712053233,1.1429651821328293e-07,0.10742510789925377,11.615423109230534,3.440808233926196e-31,0.0070632582532588195,0.7951241764156708,0.4265412725434772
55,22258.80270116709,0.4410704287582278,-0.0017005168048987208,-1.601644615006798,-16.14607854708829,1.210145778751946e-58,-0.12719376732626564,-22.115984640432135,2.2181546098345423e-108,0.008596987663048228,1.1059456893220407,0.2687500273919773,0.1808042662801831,19.56126405934565,3.3077490798183555e-85,0.09501033009192594,11.782588496284955,4.799612258697316e-32,0.06932415584354813,6.748579785309955,1.4929929510061313e-11,0.03914300001352508,8.175124903573606,2.955595324599321e-16,0.016456698762567307,2.449269545187472,0.014314627997437,0.030471515163982013,7.603014083330772,2.8931199110678714e-14,-0.0001394833194812645,-0.03931499160840207,0.9686392542820716,0.018524046508610365,4.274331118541125,1.9171195176384125e-05,0.09194693733074062,9.819494500182099,9.280775097167611e-23,0.0027598280544958165,0.31086249749344425,0.7559051555574678
56,22181.162356448338,0.5019917317262634,-0.004370893944584713,-1.5182012755365408,-17.218541433775965,1.9278559678337185e-66,-0.12338609113635844,-22.18025168813111,5.328003213224495e-109,0.02663805269601588,3.4144592939208622,0.000639087423918806,0.17246252392195927,18.82190766574684,4.9953241658382263e-79,0.13752360933490948,16.475287489122156,5.522540964760838e-61,0.09163316297002104,8.762368585231856,1.9118993775323783e-18,0.01627796122644229,3.410446524855407,0.000648566010230251,0.02424811815894312,3.6035217151906167,0.000313934506161213,0.02562579671852384,6.463222089370177,1.0249668875213361e-10,-0.006143421184693611,-1.6475669811775142,0.09944156073853058,0.022912886294797853,5.235826369194082,1.6424830718520768e-07,0.08010446874920082,8.418764526446887,3.8047526173627287e-17,-0.024618266491802987,-2.780857047167484,0.005421560487671302
57,22657.270034343223,0.4134779962783939,-0.003952654788802207,-1.6361004949485334,-16.080118293632175,3.517067439186526e-58,-0.12290266594193777,-21.458006264430974,3.844385386379225e-102,-0.004006274737995641,-0.5128683727830508,0.6080433982944322,0.1935388798506772,20.77704910422024,6.982036461909158e-96,0.09149691081629119,11.33807435899721,8.499409555071598e-30,0.05537669529418912,5.457851707659081,4.819298839492171e-08,0.03176150833202851,6.574825790377791,4.871016475983189e-11,0.025734338171863963,3.8020204329529474,0.00014352088743130675,0.03887749746257705,9.669283691349788,4.0721825792690868e-22,-0.003421304467535069,-0.8505631289837277,0.3950120784871589,0.02631246649239269,5.950711949818132,2.6697859147354315e-09,0.10868968248643393,11.645127704706741,2.4295744849443868e-31,0.0026948825761277106,0.30014655586588007,0.7640653688369025
58,23172.42034227177,0.40554787640555817,-0.0034572707500671656,-1.6376948268675406,-15.683879429433771,1.94973524997941e-55,-0.1406188140329539,-24.276031312362978,3.512202675485692e-130,0.013195122288748917,1.659184311683426,0.09707865791175985,0.18497998792680737,19.58591843807857,2.0389604756960945e-85,0.0966286161763032,12.187738233999246,3.6131044382355553e-34,0.05693232242953358,5.394024335861305,6.889688071749591e-08,0.02311766054257297,4.695368300799467,2.661267860523182e-06,0.007535794917623906,1.1017725898124948,0.2705605496667841,0.026224535300194512,6.410055256493679,1.4546690388355289e-10,-0.0021561972106053234,-0.5832229634900036,0.5597432144160353,0.0145561634979944,3.2572942319151257,0.0011247977530568077,0.10552729488116643,11.077120302654896,1.6199938474611555e-28,0.007800585140924854,0.8655354583629776,0.38674496281614
59,22797.935974207507,0.3802999340084761,-0.002830118597710944,-1.5906103443337378,-15.82193849195308,2.1962514175401845e-56,-0.135429631004425,-23.478196650757255,6.813138188310092e-122,0.015320734175096162,1.9446991976844878,0.051811192171395674,0.18207134578603013,19.423523115372067,4.882284418703487e-84,0.08955841306628465,11.587107327382816,4.790386273221755e-31,0.04328867064419015,4.280871443198036,1.8616288203959483e-05,0.030356113724511996,6.133769851681948,8.582064954015723e-10,0.018937228768734965,2.7735190085129635,0.00554536006050506,0.028826593802325915,7.148148333552192,8.795624108061259e-13,-0.0008710937269833258,-0.2184593822446744,0.8270712022767088,0.028269618631163188,6.392538449138099,1.6315418258863945e-10,0.11423957850114756,12.192947991781578,3.389345458808379e-34,-0.008216271967684152,-0.9161851739450765,0.35956978033152776
60,22817.075570288787,0.41462357036475245,-0.0034296996182868215,-1.6011011482244522,-16.048421538926302,5.863641750902863e-58,-0.13260166656928007,-22.886682948107943,6.305964571216752e-116,-0.006418779900992155,-0.8115072544435957,0.4170744285697672,0.19709006322519418,21.022533417735296,4.0806127966885803e-98,0.08463004269872215,10.585911225882887,3.463937679822603e-26,0.06552991606789517,6.493889333522811,8.364820444935731e-11,0.029015258831989965,5.955325830629293,2.5955418821997388e-09,0.017122956097862463,2.516875268928549,0.011840073673113573,0.025083743800888247,6.16439857066387,7.075153015204248e-10,-0.006689110225807432,-1.2154610317069265,0.22419030265341455,0.021998732277106532,5.057659346344094,4.2443373938111983e-07,0.09518471056666954,10.382158801645295,2.989377018927758e-25,0.002973392805429409,0.32893526622925084,0.7422046175989601
61,22837.944819447428,0.3977920457005983,-0.0018420813553367593,-1.6523495811696196,-15.912200265518372,5.214811573353655e-57,-0.13302035775877763,-22.598578996852066,4.4754288091075276e-113,0.018136687998929868,2.290431006525548,0.02199634382004343,0.17550650204235074,18.59770423712142,3.3536543491130955e-77,0.0844125146935022,10.53510731642786,5.951535585204062e-26,0.06783032614541974,6.599376977668118,4.128892042944352e-11,0.037171361338329295,7.654450578310029,1.9414045713639178e-14,0.013268422684833414,1.9538085777488716,0.050723859478510575,0.027418990644921343,6.788545649211947,1.132695415662173e-11,-0.0019754640486052966,-0.5188092337756802,0.6038937781286972,0.018899779311262403,4.2491958516645525,2.145392855965491e-05,0.09023488818754175,9.454232881697607,3.2539914446128122e-21,0.0002826728933753575,0.031517862009922966,0.9748565473971635
62,22673.59334389015,0.4231134211581593,-0.0026076119916926058,-1.612145951200771,-16.49856905252762,3.756902029536488e-61,-0.13863535238436064,-24.15780051865551,6.182416025991352e-129,0.017011919301277878,2.18576786266574,0.02883259309567634,0.19176872252972932,20.720806106142124,2.2488874613513316e-95,0.07750472911532436,9.960301162721848,2.2737289473566654e-23,0.08253207174255871,7.969381288548286,1.5947073188582222e-15,0.025897487264630592,5.3352205708881595,9.542848225418016e-08,0.019419165546307127,2.8749168260911517,0.004041339420503928,0.02891925019366105,7.136740629377041,9.556993300300714e-13,0.0017743526328268537,0.4756519347991608,0.6343223691097837,0.021093894776506694,4.616933509545909,3.894519811821645e-06,0.08076651624423115,8.557455918800164,1.1538547632000013e-17,-0.016791912719378188,-1.8951222161561418,0.058076212029570196
63,22828.55961295394,0.4374055681766943,-0.0035587076036759516,-1.5694126695264148,-16.203320226676333,4.777639268113794e-59,-0.13387250111517227,-23.259440604805757,1.1416733460859766e-119,0.015818678570098388,2.021021062004195,0.04327758484750582,0.18515920902755423,19.77860648421028,4.550938562575692e-87,0.09489233962752447,11.523429177558285,1.0052891450400474e-30,0.07905176601041955,7.804157612299893,5.990029384274331e-15,0.02872108586481248,5.943547783043029,2.789183970928293e-09,0.01501621784298851,2.2169027186085932,0.026629739954176276,0.024312017424016702,6.014156256432741,1.8082602749997878e-09,-0.0024562275314257195,-0.8201623163868259,0.4121235811860995,0.016359054085896704,3.7430896902369364,0.0001817713103880987,0.08527470429375132,9.267047999747025,1.913689173478286e-20,-0.006789300929770092,-0.7647978977929103,0.4443918997789319
64,22618.86227966697,0.39916352465730986,-0.0032760907235510994,-1.6458437887621928,-16.074204526281584,3.8692827912887235e-58,-0.1361341445690162,-23.69006384974481,4.564768934320039e-124,0.00980949503257178,1.2534932556213534,0.21002625202702563,0.18789728816668683,20.418747738607674,1.139477488750255e-92,0.09526345596876484,11.807648975941815,3.563875773332481e-32,0.04574040880536631,4.492548317331019,7.037594463544824e-06,0.033213181829768346,6.9780150011195365,2.993797000468392e-12,0.011093461397812254,1.6441705840718168,0.10014097129482373,0.03036276699293087,7.57165883274898,3.684881647564643e-14,-0.0017712004627075905,-0.46521923635957557,0.6417744644790147,0.01820757907946751,4.163017832660943,3.1406882877691525e-05,0.10645384395043501,11.38207729004091,5.136153311018572e-30,-0.004177907663702296,-0.4670787147073639,0.6404435622351194
65,22664.861911400592,0.47010692541554944,-0.00352124351166087,-1.562619781634367,-16.401405079586624,1.8686560265373227e-60,-0.14244673631629007,-24.622640493815165,7.228919862745259e-134,0.027718236296808335,3.5218454725910364,0.00042855386967569217,0.15276992167488745,16.248136240011274,2.3025855724613452e-59,0.12446166817048443,14.9513349263267,1.52658040348091e-50,0.07676836015681324,7.511509195901801,5.844956465282867e-14,0.03427806659546073,7.032689751308464,2.02589509884172e-12,0.018566220284062074,2.7117574031668186,0.006692755517653965,0.025409278020535678,6.270869119865316,3.5903832262221465e-10,-0.0011591776403421243,-0.2739177450681022,0.7841478343598457,0.016939084961747647,3.793843703225064,0.00014833306456445752,0.0854690282224442,9.135073583547197,6.536231034929844e-20,-0.002572293193471409,-0.28423508375802636,0.7762302307711055
66,22509.89206722094,0.431766925218417,-0.0025497294283812213,-1.5343704737276127,-14.958002701943052,1.3810911328102054e-50,-0.1268418184646346,-22.09320462753646,3.673867507937449e-108,0.010868086442178071,1.4170666952399795,0.15646342872078095,0.18624872407227389,20.06553110431288,1.4770409687860397e-89,0.09931865724332017,12.541877255900722,4.404368516276237e-36,0.05779200629227138,5.72830268024496,1.0144045336176652e-08,0.03123647922579645,6.414249223763569,1.4151853387524724e-10,0.02430416607479871,3.613964358552238,0.00030155053302842965,0.024032471501844312,6.022325593506862,1.719285912483515e-09,-0.005493701015944082,-1.4167772515955392,0.15654806265707566,0.022443854292767615,4.975636638620337,6.503354048798721e-07,0.09872566741449229,10.587228085591574,3.415564261882029e-26,-0.004975144686067412,-0.5684900903466408,0.5697022326706644
67,22662.49654831903,0.428865817286157,-0.0018916386876034663,-1.5431452935235095,-15.454506442614468,7.034836223029802e-54,-0.13307839920429443,-23.34086363947557,1.7064740073653403e-120,0.013622176824254928,1.7474960440703093,0.0805513305139987,0.16199247804936678,17.54166447728294,6.888001913224849e-69,0.1059939923338758,13.629521661449283,2.6732673674680815e-42,0.06552015217594505,6.452357631204762,1.1012332174956994e-10,0.0249067746916658,5.2238039823353555,1.7528433296563554e-07,0.014842125477342094,2.2084198436647617,0.027215019771723244,0.02198218478081558,5.545208327028815,2.936043841611692e-08,-0.007723139868234061,-1.75017913128604,0.08008740863795749,0.024326550139062923,5.477425725364775,4.315580571070858e-08,0.09689634371526805,10.493027117351366,9.300017238438214e-26,0.015816849505998598,1.7723722241739448,0.07633278936489842
68,22365.17240489972,0.43839634537727534,-0.0029698629595996786,-1.5833167586491446,-15.924164122541265,4.3073132522765626e-57,-0.12362695393798245,-21.843257724855935,9.009658605685975e-106,0.012103152475664625,1.5593942279743003,0.11890310161009018,0.17202645112821657,18.76067261786236,1.5838257193376354e-78,0.10138602637537819,12.660860790189334,9.74251919403674e-37,0.07284440184038202,7.128652363970468,1.013563614767519e-12,0.02922001478188818,6.094320587525847,1.0990321423202756e-09,0.026444773089417117,3.9315205944931053,8.441026366700032e-05,0.02801108990434196,6.982076197797176,2.9084929489136408e-12,-0.0003123469015896274,-0.0891011397603997,0.9290015316014983,0.02061627684647622,4.617804516751409,3.8782132675488235e-06,0.09304676949290352,10.051076266582697,9.08694936411611e-24,-0.008066980924219258,-0.9143401724425233,0.36053812793249984
69,23158.01252891309,0.42547559428245235,-0.003529280159196765,-1.5480347374985604,-15.849966566722259,1.4065567330384882e-56,-0.12829841915263407,-21.959823365824555,6.976970904360397e-107,0.006917384200082921,0.860790008083422,0.38935370916352197,0.18305849868334434,19.447154400383795,3.08059161375298e-84,0.09360565896248407,11.427244419192299,3.056550197488073e-30,0.06470252195895909,6.202086966578017,5.571927091535432e-10,0.03173512758665892,6.473691279358248,9.563720826562226e-11,0.02186547043384718,3.165282772804356,0.0015493230061281115,0.03325224601598044,8.108948403138422,5.105972114570145e-16,-0.002846554868454282,-0.8037435617151484,0.42154509041825683,0.020164643489466547,4.611487870631901,3.997969896211842e-06,0.09622182355868053,10.059445761327126,8.346690801673678e-24,0.0007135872152378431,0.07798455920814043,0.9378403355503763
70,22377.738846917717,0.43180495673036684,-0.004307154725672977,-1.5987129085836094,-16.10585084308558,2.3208352247084436e-58,-0.12812593279682302,-22.515804604113356,2.9061529180998867e-112,0.017774689317607506,2.2912658304887183,0.02194804358569906,0.18173532623291244,19.826308374409123,1.7653025336425383e-87,0.10634764576434191,13.365332081318614,9.640380794203852e-41,0.059356661744771194,5.877086517939663,4.175500059741467e-09,0.033046115262039766,6.881055227205086,5.941081114817395e-12,0.02044427778419225,3.035451972158958,0.002401754719121753,0.024286878998628525,6.049338687910241,1.4544161104004157e-09,-0.0007585246684961843,-0.2097296790916174,0.833878660098749,0.020255809812192112,4.642669307396511,3.439365974407195e-06,0.10145919134824347,10.979270721986769,4.807893937079282e-28,-0.015703226711468288,-1.8134457439802247,0.06976309963329783
71,22700.33560769733,0.44827959177512583,-0.0037116379917177095,-1.6265527727796674,-16.57414912782367,1.0716909315209417e-61,-0.1354490801402127,-23.1857427922741,6.341473302409914e-119,0.013325569104852608,1.696257454592035,0.08983713393872311,0.16498332343609734,17.36291467397893,1.5751969243048018e-67,0.11939166098652776,14.433019501369168,3.207267260913516e-47,0.05727660065617851,5.655927780957536,1.5500663941138966e-08,0.03238385017994125,6.647411065143976,2.9829310756719156e-11,0.02179396944683798,3.2158578137180593,0.0013005525170029838,0.022982729839984197,5.662031172415951,1.495916404635364e-08,-0.00561352933185209,-1.6854748800722934,0.09189698733990752,0.019001290233000116,4.241316919207179,2.2221210839333307e-05,0.10404381485963243,11.090707998648302,1.391817980619368e-28,0.0004920254046796302,0.05526436865023339,0.955927848462671
72,22781.217538541725,0.42764862711301105,0.0001718495680850663,-1.5453010338129087,-14.643024356612846,1.4927756958516168e-48,-0.1349427948516979,-23.144798570674997,1.6401225478688266e-118,0.021140546389986303,2.722620552069759,0.006476639892006164,0.17660079636044856,19.169402608069205,6.666997670223658e-82,0.08351102568819463,10.69317749463459,1.0955215833381073e-26,0.08417431187868128,8.01466654260884,1.1043622392789895e-15,0.022873955892093983,4.6561152968410395,3.2223152677315824e-06,0.02072292894784772,3.052482749593,0.0022695677551424044,0.02996663760497515,7.423486597163242,1.1407671717208033e-13,-0.008720332931973511,-2.3692996565770206,0.017821807562923796,0.025265707654303762,5.6206638772821815,1.9022505176673026e-08,0.08725991373608565,8.968092316747969,3.0169413758002266e-19,-0.013977078311327773,-1.5513910905939874,0.12080798903066989
73,22822.22520875319,0.40891525035333626,-0.0030820510913093855,-1.6081912122217812,-15.882889124301443,8.325370811803586e-57,-0.13640468565327052,-23.420812237995918,2.623061408862714e-121,0.013976466795400988,1.7642056900927336,0.07769735509740724,0.17177190671173515,18.29758286772123,8.650242810672935e-75,0.10246389917895982,12.528447655608154,5.217389843779311e-36,0.05411803418947157,5.227127995007261,1.7216332315848768e-07,0.032695644785512346,6.682687314410864,2.3459980064603126e-11,0.021206810657164343,3.089444722264324,0.0020053101907395567,0.01982848942347941,4.922356999967847,8.550804345029608e-07,-0.0008584501673475011,-0.2574806353672802,0.7968077622404772,0.01920901436674776,4.344140917898115,1.3982174443427647e-05,0.11398423288889686,11.90280384053686,1.1443652285258348e-32,0.00031069942292027974,0.034068891362066506,0.9728222151744845
74,22878.850957595143,0.4284497267239043,-0.0028836278751663007,-1.6445600957914925,-16.217698168737506,3.7810148752515624e-59,-0.12299840730765065,-21.127861894797483,4.410721544359486e-99,0.006800708465660499,0.8511928527088221,0.39466223245249155,0.19865661210737007,21.2022234220022,9.10897860599504e-100,0.09463779894642427,12.047444410809737,2.000567154794176e-33,0.07102505989233684,6.982780052166397,2.8939530621720063e-12,0.030889662562821413,6.307655456611968,2.8329398255897955e-10,0.018724213217650998,2.753580581646375,0.005894725680205586,0.02166900722102642,5.370268875120422,7.861933514668211e-08,-0.005318832611487265,-1.4320190412718048,0.15213837199173685,0.019575590163256405,4.373392446552587,1.2233052609852604e-05,0.09253710143682603,9.91475730488977,3.591281832532405e-23,-0.015167850375285896,-1.6830006259609076,0.09237497024667535
75,22261.707812352968,0.4603249409847083,-0.0011653505607955221,-1.63477123541821,-16.790253620573758,2.8761319804671705e-63,-0.13219881874411799,-23.308094299702322,3.6698722406972464e-120,0.0033591922814700803,0.4317071244675077,0.6659542886927743,0.17641609907565559,19.164823593976582,7.280312095128997e-82,0.10257312676127023,12.696516719911195,6.18205640255002e-37,0.08529530790402826,8.255223664910618,1.5161803436366564e-16,0.032196908779785954,6.828670339289419,8.570526466175825e-12,0.025658574170779325,3.8491802890363296,0.00011851375742711336,0.028306832372375492,7.096326840151994,1.2811629048375094e-12,0.0008343252220503758,0.25386536899623136,0.7995995700158732,0.017594089174767936,4.136127569630363,3.532158783919287e-05,0.08024245265074204,8.629178105708354,6.179440274929712e-18,-0.003541077727145181,-0.3971725840065959,0.691240197837584
76,22709.847275432887,0.4279590820604763,-0.002188478591224378,-1.605531727103687,-16.124526724065845,1.7156836694227614e-58,-0.13702232543669673,-24.329297028043253,9.603669558339551e-131,0.008945773973148774,1.1307522921165787,0.2581593650492463,0.1910141122103457,20.444339587926116,6.7465231615048205e-93,0.091541511409506,11.355165232723298,6.990760418427042e-30,0.07155596160335423,6.865581641783325,6.622087919553562e-12,0.03306985714387867,6.829579899889412,8.516365377273475e-12,0.0238309746143604,3.5625648603146636,0.000367249133719327,0.02291293357371588,5.6799364386992,1.3474480540221963e-08,-0.0022392650013453048,-0.5701262424582416,0.5685920773995714,0.01994034932253319,4.525287033356071,6.031359041839769e-06,0.09101338014041851,9.48229558600008,2.4874948467196113e-21,-0.010571878548298885,-1.1905429991124137,0.2338330400819273
77,22384.22214292349,0.41175471431347666,-0.002286964919234896,-1.5782623761470127,-15.145311866772216,8.136772723965244e-52,-0.14193620515991812,-24.594959047795896,1.4302265711199318e-133,0.019504269614270098,2.505389965493997,0.012231645057195303,0.16395868423571702,17.826855210118666,4.373390565784002e-71,0.08815491430555211,10.665915573706313,1.4694458246369717e-26,0.0658818309100765,6.527471566440858,6.688920022077512e-11,0.022692104833545557,4.724556553127655,2.306180331035245e-06,0.03678769520898428,5.474397643582734,4.390022952391224e-08,0.03268413554863903,8.113015430474064,4.937879802123298e-16,-0.0033679943050696536,-0.8472885346248662,0.3968343157111345,0.021848174025227568,4.968951306283524,6.731597020263146e-07,0.09773485433769033,10.687564499694147,1.1638713520202474e-26,-0.0046346113890292084,-0.5217274672930833,0.6018600974699397
78,23092.627710229666,0.442785084380629,-0.00468432344753853,-1.5917410142730342,-17.523889917382917,9.416144750333923e-69,-0.12717970041482868,-21.729944236304068,1.0693191547577771e-104,0.01062727147856185,1.3363258483160865,0.181442791411075,0.17739736342220713,18.810167419537084,6.23405930527673e-79,0.09115469533318749,11.30056041963983,1.303832654460864e-29,0.08032858864705986,7.727491783205628,1.0968624123730086e-14,0.03552877660501241,7.332727713032556,2.2551483197036004e-13,0.021328347985349744,3.1125528286498585,0.0018547681482306592,0.02292052591908207,5.620437313958658,1.9047469537770302e-08,-0.005003294759669268,-1.3867346282311925,0.16552269731196678,0.02060337230565301,4.522511341843207,6.111021101603723e-06,0.08916311225346972,9.319099916942978,1.1733139582555857e-20,-0.0023435916235952092,-0.25809959889059103,0.7963300411341047
79,22683.389767047633,0.4558408934114247,-0.004235671489390782,-1.6068088957874218,-16.96614098461771,1.4623147538819626e-64,-0.1395695624068588,-24.040007615591037,1.061932155367866e-127,0.005349099009210878,0.6751214644012979,0.4995985975983964,0.1549916233047104,16.649271364104344,3.0630891293412937e-62,0.12107162553765094,14.850374860301383,6.9180730971704795e-50,0.07510539149501327,7.177673520128924,7.090763559574384e-13,0.029339453593192066,6.097783090141027,1.0754954597539213e-09,0.017834793293971946,2.6427412894905804,0.008223784569883066,0.024803043492443454,6.161049601745822,7.226434961480207e-10,-0.0040443342620729746,-1.1572086292862223,0.2471871329994968,0.021941085221479542,4.947201864321489,7.528788930930693e-07,0.09649551638661749,10.138920299495084,3.711793016005916e-24,0.01632683452170347,1.8326591808945432,0.06685327120909808
80,22950.326397234203,0.4008194516335942,-0.002445755276758929,-1.5799406610911098,-15.535371384239465,1.9991075691315153e-54,-0.13349110081613047,-22.795952517699007,5.029248488920614e-115,0.02276022766806124,2.841919469350031,0.004484281716364589,0.18454306878943805,19.748028716122565,8.341065841813168e-87,0.08579173500174592,10.67068800784502,1.395889381199813e-26,0.05747201828116927,5.516568583591096,3.456826234316946e-08,0.037342427343550755,7.685474659885056,1.5243077658503428e-14,0.021567094389778108,3.1312662322882616,0.001740542938681533,0.03333101534483714,8.248034848040254,1.6102041967775927e-16,-0.008247008939971108,-1.803213164166689,0.07135474383818144,0.013125504444269735,2.9157020214596727,0.003548892658945202,0.08839824649343916,9.26928319953747,1.8740105732503993e-20,-0.012179929506789422,-1.3524206854583742,0.17624077580529596
81,22405.851418713886,0.3827858344699361,-0.0011439560636305605,-1.6378837845033258,-14.970758461430476,1.1401352131874613e-50,-0.13148544894588632,-23.32204028256073,2.6496017571845405e-120,-0.0046904347025514825,-0.605220272387071,0.5450326476649487,0.19895844914328564,21.54290484135893,6.171296624102967e-103,0.07234586873229143,9.423831242852273,4.3492208763462874e-21,0.05645044508321205,5.515471652255172,3.4784581214596094e-08,0.030781083971722856,6.470249725894287,9.784108183729533e-11,0.023954529461707175,3.5407240407138127,0.0003990306947032332,0.030247258079272924,7.5510759446829985,4.3167701747168374e-14,-0.0036795613056006433,-0.9651038382389052,0.3344928046781398,0.018576408536170583,4.220638084490687,2.4361177871203666e-05,0.1178795329936162,12.483444178560037,9.192263943768663e-36,-0.00032840782777865396,-0.037137869056074364,0.9703750777029184
82,22718.660124817463,0.4388628872819681,-0.0035828387642328897,-1.616683338174366,-16.508157286114677,3.205216990440246e-61,-0.14089408424063446,-24.84077841054131,3.25289255435421e-136,0.014820553890903698,1.8611623466200895,0.06272125392319856,0.17194126160558543,18.508779570467993,1.7543034127712145e-76,0.08768807587571137,11.395797993806928,4.387911331354938e-30,0.08312549399840705,7.911152926961551,2.5501603174493914e-15,0.03546588998247921,7.334690630575714,2.2223423621750263e-13,0.024132360855188384,3.5496298526459027,0.00038577315461337083,0.02184366159608539,5.431342265531921,5.593174136617569e-08,-0.003249160851327503,-0.6994748333812375,0.4842553354069564,0.022507971077638564,5.187658912278444,2.1295418461446287e-07,0.08815005256366298,9.204248216795056,3.4407122462836145e-20,0.004636988045685797,0.5136429014790324,0.6075016791602186
83,22473.189679551997,0.45577340257067667,-0.0025636404533907154,-1.5573401893422747,-16.041085188257718,6.599108502800616e-58,-0.1270967052381561,-21.938729779579294,1.1095735880210446e-106,0.010850152983043981,1.3772880052577978,0.16842322218500227,0.16014195039628976,17.130676777508793,8.762940061520203e-66,0.11899686575474788,14.561818600625012,4.9133112165802357e-48,0.0761667717264804,7.438252812543858,1.0202566681937965e-13,0.03025318286993342,6.312323345216021,2.748771510260554e-10,0.02236707314996808,3.2939751667476678,0.0009878122515164557,0.024174751971190893,6.028325231905351,1.6566741305577768e-09,-0.0007863078618813753,-0.18608601847490525,0.8523773060563515,0.024434311798618318,5.628730181033363,1.8154112017212984e-08,0.0911425913063328,9.698305578150013,3.0654700625471203e-22,0.0033117774464718197,0.3718977639747239,0.7099689700146873
84,22453.260269794795,0.40785883283799523,-0.004056355096368638,-1.6663036967692957,-16.726630384963467,8.384984603544467e-63,-0.1423122156106962,-24.983186296422843,9.312465527517245e-138,0.016724367246802208,2.137820971130985,0.032531276280746986,0.17963359286192626,19.512920045440968,8.52694412647429e-85,0.07099365003414082,8.96188622450487,3.1917108656635518e-19,0.07656874900210049,7.3601250920060615,1.8373796638557795e-13,0.03311382678847613,6.86642725631918,6.582971945142358e-12,0.0185387915527144,2.7543403539134856,0.0058810573920502155,0.03111566748365216,7.764679476064082,8.185195203783268e-15,-0.0006076241262668112,-0.16803041135993252,0.866559354404785,0.026572217769857562,5.957411762992961,2.5626399282889397e-09,0.08384305757791746,8.9184556077523,4.728355994290493e-19,0.0016218660284088582,0.1814392053033524,0.8560228481409816
85,22717.339995439695,0.4509797021176618,-0.002249130245801277,-1.5432099865099176,-16.37304950056889,2.979056029508554e-60,-0.12913856669640272,-22.650118451189034,1.3913664812997776e-113,0.009192211017039709,1.1650654158132145,0.24399251463007043,0.17277468752368963,18.81777890902373,5.400129982184855e-79,0.09865350359043645,11.982473777459855,4.3902460065161616e-33,0.08219131178762332,7.878569450638791,3.31150418671015e-15,0.03867045512205439,7.936034065658753,2.0874869894297246e-15,0.027856382084134657,4.1105768966102945,3.946718146034833e-05,0.022908785254482464,5.692224730629248,1.2539465765486639e-08,-0.00036382977207617684,-0.1021398916398979,0.9186456376237431,0.0191351999175498,4.376381815567578,1.2066556892389814e-05,0.08066315301665818,8.623835247963422,6.474825274351734e-18,-0.0011603045478305596,-0.12949992430964924,0.8969620848399206
86,22789.635267080615,0.4166279969596547,-0.002139669891229274,-1.5872428729173524,-15.627043160112212,4.7640255653693266e-55,-0.13373941571164966,-23.117505083701566,3.0872364241901238e-118,0.006815403033225753,0.8669977649641427,0.38594323430504063,0.17798164776408776,19.06083942849757,5.341100090749153e-81,0.08951926283533213,11.132063004777349,8.758464399139141e-29,0.06655192359684572,6.41763737744808,1.3840544757268532e-10,0.02749042428571158,5.705004717527458,1.1633986659088386e-08,0.01732061453411643,2.5319293525313933,0.011343684404748724,0.03004010511910219,7.448768062409782,9.421583712161668e-14,0.0002519163273466767,0.06696720722466452,0.9466078094185283,0.029527829538227357,6.627427660245618,3.415869377429595e-11,0.09611214745488574,10.104061234852697,5.300073284395958e-24,0.009124309355537707,1.0212077498852965,0.3071560213767959
87,22604.164938256446,0.4011046023084344,-0.002791391730999764,-1.6328834837334305,-15.861478109049942,1.171049682982464e-56,-0.13706236297814534,-23.963897515074102,6.619641032821818e-127,0.010259172381370196,1.3006828754655502,0.19336702623065138,0.1673680972638255,17.99742785354652,2.0407920491546037e-72,0.09454435140269596,11.71271239508856,1.097126981394124e-31,0.05923240029825484,5.732465173086961,9.898136316039987e-09,0.02806665165980307,5.921449820264098,3.191156809941249e-09,0.016700438212716745,2.4824307901318052,0.013048941383035324,0.020880694245060935,5.206787803830231,1.9213759460015496e-07,-0.007544791995900897,-2.1434653477582235,0.03207575069945605,0.025769114802166315,5.905861015152639,3.508096425094558e-09,0.1199965117379739,12.737256074157663,3.6707944434137046e-37,0.00187240557337931,0.20798849328027508,0.835237951926832
88,22488.197306365902,0.41938048462142197,-0.0015953521503886702,-1.591588624999249,-15.920274920984689,4.5835849302690786e-57,-0.13625407721799507,-23.64616548333089,1.2925571678828636e-123,0.02408675103672525,3.074791211104031,0.002106499626743747,0.17342604142537643,18.94231953340206,5.1095690388729795e-80,0.09520818355716393,11.896452090402155,1.23486302433587e-32,0.06174119750224287,6.090561366038115,1.1251544358571353e-09,0.04040332287051651,8.432022436028644,3.397418240175008e-17,0.025375910081803343,3.7525684438999414,0.00017503202263201412,0.021489680773298138,5.32506250811144,1.0091832926253014e-07,-0.004050845831516736,-1.142092071189293,0.25341575083583767,0.01937736017094578,4.444326290718939,8.816771061261269e-06,0.10570946024335642,11.373818580273179,5.6462219190356826e-30,-0.010516475973871287,-1.177696450638075,0.23891764242861657
89,22804.953087276586,0.4647192345299385,-0.004442966923208278,-1.6773911548052873,-17.650636990884365,1.0061494790824032e-69,-0.13999718495129984,-23.760834963754192,8.490128091860731e-125,0.014178150102650694,1.7781136655592311,0.07538518847064365,0.16727167864210224,18.027588997821013,1.1834049532608946e-72,0.0953091645779619,11.608476861617447,3.7320419101245156e-31,0.10242232375137325,9.91207232423049,3.689135374161748e-23,0.0314150783135089,6.396862812016708,1.5860170182203133e-10,0.026320458749430342,3.846626826993348,0.00011975515383768697,0.029400553549999608,7.263694351516207,3.766585947056395e-13,-0.0014904095789107833,-0.3768665424100878,0.7062727865665948,0.0210469113803401,4.7470326792202,2.0642261083109453e-06,0.07455851914757498,7.926231052239732,2.258971147934333e-15,-0.004265574248442816,-0.4691248614515611,0.6389803893940889
90,22423.359337055324,0.45987851284658054,-0.0031979106434676346,-1.613944186237667,-16.88474702695438,5.826552441815108e-64,-0.13843096864819948,-24.40974541690634,1.347655457831864e-131,0.02417280850379619,3.107885804874959,0.0018843086203667572,0.1724153732590118,18.646934640987116,1.3372800005783532e-77,0.1026545851707007,12.382872598717421,3.23551186331982e-35,0.10340406453209074,10.007449862938824,1.4134906313275667e-23,0.030727120595800406,6.373380438723422,1.8490643838557678e-10,0.01886279718533687,2.824942449286235,0.004728910892173321,0.022734961376314426,5.6299698992408524,1.8024107445851456e-08,-0.0007227444808296018,-0.1641969079927967,0.8695761351376394,0.016735533618438193,3.8602562504984914,0.00011326817950454488,0.07778288855684623,8.39137896695372,4.804728176563102e-17,-0.014168244447499645,-1.5846936455049994,0.1130359563540721
91,22813.83619523712,0.39357601611034926,-0.0036268649896454785,-1.5948579291914555,-15.371959486893523,2.5241798847616154e-53,-0.13059216183450084,-22.571310699089555,8.295040859809576e-113,0.00796042727035623,1.0136504657177172,0.3107495679738568,0.18749944772738125,20.30485080743129,1.164973313355837e-91,0.0766802460376872,10.096276641010109,5.7379538835893896e-24,0.05586512535943508,5.460427116053674,4.749904596260823e-08,0.03319895169298298,6.804464598285716,1.01425724983617e-11,0.021662669371212223,3.2035737450583452,0.0013573327305674478,0.0346684718363662,8.555088156271935,1.1777868938383052e-17,-0.0068491678539359165,-1.8280327199909232,0.06754464115999033,0.02348407736320523,5.261693887683213,1.4273426373000527e-07,0.10654563431195796,11.322496815083772,1.0153809420446613e-29,0.00182684370056313,0.20496555492632226,0.8375990368470014
92,22543.78963242144,0.4073450730212589,-0.002435455382121125,-1.6456514271064604,-16.098714603303797,2.6045937411758885e-58,-0.14259592717260178,-24.817794535406826,5.761169742172891e-136,0.012780509668398499,1.6192553496860638,0.10539233335013475,0.1844672028769765,19.96193942161608,1.180410989179602e-88,0.09318024360525823,11.571932380743043,5.718012549835202e-31,0.061615288949052466,5.86649763483016,4.450966133259702e-09,0.029166527107463203,6.057780723895456,1.3801235152891669e-09,0.008929630876216288,1.3383615053145779,0.18077862109035536,0.017616530543606332,4.439459524810293,9.018507284824523e-06,-0.004625985668562456,-1.3046968874091849,0.19199608178660343,0.02051889147927182,4.591323011984198,4.404450558613783e-06,0.10748599111406656,11.287007186695385,1.5212880046986883e-29,-0.0033213784808170943,-0.37076549158872585,0.7108122060100708
93,22617.398593512917,0.41093265791200295,-0.003438421981562949,-1.5683547831756792,-15.102619926041752,1.5562493072538065e-51,-0.12557511397612334,-21.985156123917303,3.9941983026069714e-107,0.007175215412390468,0.9218221635319694,0.35662134471029583,0.1868781531663728,19.84292559448883,1.2685725657004034e-87,0.08914518580019037,10.78189829032758,4.191453348402261e-27,0.05230401916858457,5.02436523569261,5.051003280343921e-07,0.038963352514522265,8.099970072969956,5.497270937814022e-16,0.02650176010545599,3.923456653577943,8.728747618202197e-05,0.037583533694465335,9.403160619748332,5.294817025988447e-21,-0.003876764292727455,-1.0778549963467283,0.2810984718279439,0.020305652503285067,4.553134179798586,5.285253869158881e-06,0.11700629018490766,12.242874879021267,1.834186690707768e-34,-0.005011111461982187,-0.5595297526833203,0.5758002316570143
94,22566.819626851193,0.39303838711888417,-0.00318882828254488,-1.6203614291781745,-15.254665444997807,1.5327861675518578e-52,-0.147043488735878,-25.73980535274091,4.192512058564067e-146,0.011275173046672193,1.4684917846965848,0.14197068616352895,0.1859653206019123,20.12287162933971,4.6532884008937985e-90,0.07341231462497938,9.512914794539617,1.853935888819207e-21,0.06509342480372471,6.450080879263293,1.1179047604427226e-10,0.029093942664260464,6.062143821380773,1.343190211560331e-09,0.03549042097972396,5.211839735284283,1.8697704719016123e-07,0.021344807792034293,5.36132766241182,8.261251343916e-08,-0.01165254958754424,-3.0016527160904536,0.0026851831519855906,0.019839530283173167,4.55919954290722,5.134896387741995e-06,0.10943196829659282,11.890237466123674,1.330278224207414e-32,-0.012462444352164148,-1.4207920934201392,0.1553772099360808
95,22722.552067694654,0.39604189848186355,-0.0019193591350148388,-1.6623898603625966,-16.52610351449527,2.3804294159336943e-61,-0.13818712796541896,-24.226918796752376,1.1580384064347447e-129,0.013220795358530824,1.6793150601992186,0.09309065741672001,0.18405955844668065,19.70619379574426,1.907890084396024e-86,0.08705577310951756,11.102890359025443,1.2145151044883686e-28,0.05723775204785621,5.602049020350229,2.1183262471565138e-08,0.032273450329306924,6.633065600670216,3.287855944534304e-11,0.011958266494682929,1.7646182708402192,0.07762794267962858,0.017314599108701194,4.257524462343029,2.0670304847355205e-05,-0.002079900077948097,-0.5309885724007508,0.595426698145517,0.02365531344921676,5.410334726334494,6.290705631247207e-08,0.11068786663764743,11.878852397551958,1.5244586064059629e-32,-0.0037974277786685384,-0.4255318221457304,0.6704490288725162
96,22748.016663680988,0.4250466971125056,-0.003467920044747299,-1.5923639607506406,-16.25939498657272,1.9162077212701867e-59,-0.13507357752515692,-23.451508759731748,1.2758701741582141e-121,0.004598882079470679,0.5817345906389727,0.5607454682525714,0.1838105697568464,19.85206335292781,1.0576744723439451e-87,0.09288648524686072,11.517195143945344,1.0807189245267398e-30,0.06854818452025635,6.463187614695233,1.0252005262656057e-10,0.028077893575061602,5.847843581664408,4.979864885800298e-09,0.02232485485916233,3.2867846698632923,0.0010133829056054996,0.024085457129199614,5.936242501143211,2.916283592291871e-09,-0.0005826479668414233,-0.15649760655539446,0.875640805691968,0.032559866008682534,7.411216573744096,1.2514601690492182e-13,0.09973086870496148,10.28887447458215,7.909549382043761e-25,-0.0067416999118634635,-0.7486057366490039,0.4540948734567326
97,22705.449144175713,0.42673390435191205,-0.00443325546867937,-1.6318384590324424,-16.652805313090756,2.8874370484104754e-62,-0.13441734015259982,-23.395305646409785,4.770674121643455e-121,0.022261319167539262,2.824922794915413,0.004729200967754565,0.18517271497041632,20.27922871758927,1.9618330250938554e-91,0.08936057260435804,10.93693270259925,7.675283777508119e-28,0.0656525908821536,6.318028793570903,2.6492066305156755e-10,0.03263983153862329,6.69616395509343,2.139616605763772e-11,0.018339312744996006,2.752949096895659,0.005906107859504346,0.033894734120480934,8.403293591560727,4.3412753144641166e-17,1.8173766835731433e-05,0.0044153576838424635,0.9964770657204693,0.017838573736773458,4.118319921284375,3.816446292965794e-05,0.0927853195643792,9.712054236234774,2.678828811473603e-22,-0.006126757718019293,-0.6894515738733348,0.49053913766576085
98,22354.882036372117,0.3893111593744036,-0.0017403676889648084,-1.5496415325998676,-14.619505112043708,2.109279352900273e-48,-0.14377558823209582,-25.070670914476427,1.039144774646373e-138,0.02064436102399475,2.644108932794343,0.008190629180594744,0.17234187372434917,18.55538410620745,7.377814944341956e-77,0.09074754267318202,11.411343414514876,3.6701664921483465e-30,0.04450679914603892,4.32673201923329,1.5133789605316248e-05,0.03285296548640945,6.83599120080982,8.143994245340696e-12,0.020687226681549126,3.0807059339823266,0.002065104929605983,0.024028730650340276,6.03434859434996,1.5960519323899953e-09,-0.0031653893642987494,-0.714127942368224,0.47514806901200335,0.014498240912508967,3.306936972507823,0.0009432211170674223,0.11836992160410366,12.58528911763757,2.5440961450122507e-36,-0.002974932375385264,-0.3341173937253527,0.7382909752667198
99,22947.492366523395,0.4417971767100488,-0.0036320081412626075,-1.5961097061266358,-16.0888767984771,3.0532633774353355e-58,-0.13618303960749137,-23.608366940650143,3.162278751605954e-123,0.004778471533945616,0.6073968716492357,0.54358756407506,0.1771748162144643,18.98418544704986,2.3048268263175873e-80,0.09606672223069729,12.231183858477147,2.118286593937829e-34,0.077516896334609,7.380710801139613,1.5744667261874846e-13,0.031147613042501687,6.4346416198418535,1.23764996310905e-10,0.021205809698228162,3.0689564157358444,0.002148079270979048,0.026743308303764708,6.580302173590918,4.6949311999254394e-11,-0.004443455598501718,-1.1059425628529531,0.2687513807064158,0.019995207561126216,4.463263475130433,8.072069438376303e-06,0.09043438964901948,9.429659061326994,4.114240831253898e-21,0.00450975891693417,0.49781571866101165,0.6186139358473096
